main_artist,track_name,trackAppearanceCount,artistAppearanceCount,rank,peak_rank,previous_rank,weeks_on_chart,streams,ArtistCount,isTopTen,rank difference,Max Streams per Song,Min Streams per Song,Total Streams per Song,Mean Streams per Song,Min Position per Song,Artist Song Count,MaxMin Difference Position,MaxMin Difference Streams,MaxMin Ratio Position,MaxMin Ratio Streams,Labels,main_art_track,entry rank
21 Savage,Glock In My Lap,27,125,140,38,138,29,54021,1,0,2,54021,45353.0,244717.0,48943.4,139.0,5.0,61.0,8668.0,1.4388489208633093,1.1911229687121028,1,21 SavageGlock In My Lap,140
21 Savage,Glock In My Lap,28,126,139,38,140,30,50480,1,0,-1,54021,136034.0,907571.0,151261.83333333334,13.0,6.0,21.0,43121.0,2.6153846153846154,1.3169869297381538,1,21 SavageGlock In My Lap,140
21 Savage,Glock In My Lap,29,127,165,38,139,31,45794,1,0,26,54021,43732.0,285016.0,47502.666666666664,151.0,6.0,42.0,6884.0,1.2781456953642385,1.157413335772432,1,21 SavageGlock In My Lap,140
21 Savage,Glock In My Lap,30,128,178,38,165,32,45353,1,0,13,54021,73412.0,483659.0,80609.83333333333,52.0,6.0,43.0,23967.0,1.8269230769230769,1.3264725113060536,1,21 SavageGlock In My Lap,140
21 Savage,Glock In My Lap,31,129,200,38,-1,33,49069,1,0,22,54021,65159.0,439412.0,73235.33333333333,68.0,6.0,33.0,18088.0,1.4852941176470589,1.2775978759649473,1,21 SavageGlock In My Lap,140
2Point1,Stimela,26,26,13,1,13,28,179155,1,1,0,179155,50326.0,314150.0,52358.333333333336,132.0,6.0,30.0,4521.0,1.2272727272727273,1.0898342804911973,3,2Point1Stimela,13
2Point1,Stimela,27,27,13,1,13,29,156294,1,1,0,179155,43049.0,280828.0,46804.666666666664,165.0,6.0,28.0,7053.0,1.1696969696969697,1.1638365583404957,3,2Point1Stimela,13
2Point1,Stimela,28,28,14,1,13,30,152720,1,1,1,179155,43334.0,178594.0,44648.5,175.0,4.0,25.0,4509.0,1.1428571428571428,1.1040522453500716,3,2Point1Stimela,13
2Point1,Stimela,29,29,14,1,14,31,142544,1,1,0,179155,43431.0,183551.0,45887.75,178.0,4.0,22.0,6239.0,1.1235955056179776,1.14365315097511,3,2Point1Stimela,13
2Point1,Stimela,30,30,34,1,14,32,136034,1,1,20,179155,44674.0,302082.0,50347.0,118.0,6.0,68.0,10119.0,1.576271186440678,1.2265075883063974,3,2Point1Stimela,13
2Point1,Stimela,31,31,21,1,34,33,140824,1,1,-13,179155,44280.0,44280.0,44280.0,192.0,1.0,0.0,0.0,1.0,1.0,3,2Point1Stimela,13
6LACK,Pretty Little Fears (feat. J. Cole),112,158,186,11,200,115,47851,2,0,-14,50616,43174.0,94860.0,47430.0,181.0,2.0,18.0,8512.0,1.0994475138121547,1.1971556955575116,1,6LACKPretty Little Fears (feat. J. Cole),186
6LACK,Pretty Little Fears (feat. J. Cole),113,159,193,11,186,116,43732,2,0,7,50616,104713.0,708467.0,118077.83333333333,24.0,6.0,26.0,33902.0,2.0833333333333335,1.323761137585591,1,6LACKPretty Little Fears (feat. J. Cole),186
6LACK,Pretty Little Fears (feat. J. Cole),114,160,173,11,193,117,44398,2,0,-20,50616,109940.0,704956.0,117492.66666666667,25.0,6.0,23.0,25141.0,1.92,1.2286792796070585,1,6LACKPretty Little Fears (feat. J. Cole),186
6LACK,Pretty Little Fears (feat. J. Cole),115,161,151,11,173,118,48649,2,0,-22,50616,43206.0,182647.0,45661.75,175.0,4.0,10.0,6451.0,1.0571428571428572,1.149307966486136,1,6LACKPretty Little Fears (feat. J. Cole),186
6LACK,Pretty Little Fears (feat. J. Cole),116,162,174,11,151,119,49770,2,0,23,50616,43614.0,283371.0,47228.5,158.0,6.0,38.0,8717.0,1.240506329113924,1.1998670151786124,1,6LACKPretty Little Fears (feat. J. Cole),186
6LACK,Pretty Little Fears (feat. J. Cole),117,163,187,11,174,120,50616,2,0,13,50616,48757.0,311621.0,51936.833333333336,130.0,6.0,22.0,8094.0,1.1692307692307693,1.1660069323379207,1,6LACKPretty Little Fears (feat. J. Cole),186
AKA,Company,18,223,52,1,54,20,97379,1,1,-2,97379,47992.0,321452.0,53575.333333333336,107.0,6.0,61.0,16203.0,1.5700934579439252,1.3376187697949657,1,AKACompany,52
AKA,Company,19,225,59,1,52,21,80856,1,1,7,97379,110340.0,402554.0,134184.66666666666,18.0,3.0,15.0,44733.0,1.8333333333333333,1.405410549211528,1,AKACompany,52
AKA,Company,20,227,63,1,59,22,73412,1,1,4,97379,69696.0,448084.0,74680.66666666667,72.0,6.0,18.0,14970.0,1.25,1.2147899449035813,1,AKACompany,52
AKA,Company,21,229,63,1,63,23,79590,1,1,0,97379,51337.0,51337.0,51337.0,185.0,1.0,0.0,0.0,1.0,1.0,1,AKACompany,52
AKA,Company,22,231,95,1,63,24,74740,1,1,32,97379,44048.0,287691.0,47948.5,155.0,6.0,39.0,11431.0,1.2516129032258065,1.259512350163458,1,AKACompany,52
AKA,Company,23,233,86,1,95,25,77682,1,1,-9,97379,59522.0,375745.0,62624.166666666664,92.0,6.0,29.0,6775.0,1.315217391304348,1.1138234602331911,1,AKACompany,52
AKA,Lemons (Lemonade),40,224,68,2,75,42,83247,1,1,-7,83247,61084.0,386630.0,64438.333333333336,87.0,6.0,30.0,6804.0,1.3448275862068966,1.1113875974068497,1,AKALemons (Lemonade),68
AKA,Lemons (Lemonade),41,226,71,2,68,43,71838,1,1,3,83247,73216.0,480184.0,80030.66666666667,63.0,6.0,22.0,12883.0,1.3492063492063493,1.1759588068181819,1,AKALemons (Lemonade),68
AKA,Lemons (Lemonade),42,228,84,2,71,44,65159,1,1,13,83247,59971.0,408120.0,68020.0,79.0,6.0,30.0,12796.0,1.379746835443038,1.2133697954011105,1,AKALemons (Lemonade),68
AKA,Lemons (Lemonade),43,230,70,2,84,45,73169,1,1,-14,83247,42568.0,178358.0,44589.5,184.0,4.0,15.0,3995.0,1.0815217391304348,1.093849840255591,1,AKALemons (Lemonade),68
AKA,Lemons (Lemonade),44,232,101,2,70,46,71764,1,1,31,83247,60665.0,398466.0,66411.0,80.0,6.0,43.0,14311.0,1.5375,1.2359020852221214,1,AKALemons (Lemonade),68
AKA,Lemons (Lemonade),45,234,95,2,101,47,74235,1,1,-6,83247,87123.0,565750.0,94291.66666666667,38.0,6.0,30.0,12969.0,1.7894736842105263,1.1488585103818738,1,AKALemons (Lemonade),68
Adele,Easy On Me,88,191,141,1,142,90,53950,1,1,-1,54847,127859.0,874263.0,145710.5,15.0,6.0,15.0,44619.0,2.0,1.3489703501513386,1,AdeleEasy On Me,141
Adele,Easy On Me,89,193,142,1,141,91,50326,1,1,1,54847,46087.0,272174.0,54434.8,77.0,5.0,116.0,29270.0,2.5064935064935066,1.6351031744309674,1,AdeleEasy On Me,141
Adele,Easy On Me,90,195,132,1,142,92,50836,1,1,-10,54847,46266.0,301495.0,50249.166666666664,131.0,6.0,49.0,6252.0,1.3740458015267176,1.1351316301387628,1,AdeleEasy On Me,141
Adele,Easy On Me,91,197,132,1,132,93,51153,1,1,0,54847,83614.0,533129.0,88854.83333333333,51.0,6.0,27.0,11754.0,1.5294117647058822,1.1405745449326667,1,AdeleEasy On Me,141
Adele,Easy On Me,92,199,152,1,132,94,53038,1,1,20,54847,54822.0,231239.0,57809.75,111.0,4.0,27.0,5213.0,1.2432432432432432,1.095089562584364,1,AdeleEasy On Me,141
Adele,Easy On Me,93,201,162,1,152,95,54847,1,1,10,54847,90535.0,609115.0,101519.16666666667,34.0,6.0,24.0,29581.0,1.7058823529411764,1.3267355166510189,1,AdeleEasy On Me,141
Adele,Set Fire to the Rain,12,192,185,68,-1,14,48073,1,0,12,50102,102244.0,1445914.0,289182.8,2.0,5.0,43.0,345967.0,22.5,4.383738899104104,1,AdeleSet Fire to the Rain,185
Adele,Set Fire to the Rain,13,194,165,68,185,15,46892,1,0,-20,50102,47782.0,304384.0,50730.666666666664,134.0,6.0,36.0,6040.0,1.2686567164179106,1.1264074337616676,1,AdeleSet Fire to the Rain,185
Adele,Set Fire to the Rain,14,196,182,68,165,16,43049,1,0,17,50102,50697.0,324414.0,54069.0,120.0,6.0,27.0,6706.0,1.225,1.1322760715624198,1,AdeleSet Fire to the Rain,185
Adele,Set Fire to the Rain,15,198,183,68,182,17,44992,1,0,1,50102,271651.0,1673637.0,278939.5,4.0,6.0,4.0,18926.0,2.0,1.0696702754637384,1,AdeleSet Fire to the Rain,185
Adele,Set Fire to the Rain,16,200,190,68,183,18,47720,1,0,7,50102,46722.0,46722.0,46722.0,195.0,1.0,0.0,0.0,1.0,1.0,1,AdeleSet Fire to the Rain,185
Adele,Set Fire to the Rain,17,202,193,68,190,19,50102,1,0,3,50102,67069.0,417455.0,69575.83333333333,77.0,6.0,28.0,6875.0,1.3636363636363635,1.1025063740327126,1,AdeleSet Fire to the Rain,185
Alec Benjamin,Let Me Down Slowly,71,73,187,22,194,72,47843,1,0,-7,47843,92985.0,579441.0,96573.5,40.0,6.0,29.0,7840.0,1.725,1.084314674409851,1,Alec BenjaminLet Me Down Slowly,187
Alec Benjamin,Let Me Down Slowly,72,74,196,22,187,73,43605,1,0,9,47843,55886.0,374556.0,62426.0,80.0,6.0,64.0,11752.0,1.8,1.2102852234906774,1,Alec BenjaminLet Me Down Slowly,187
Alec Benjamin,Let Me Down Slowly,73,75,175,22,196,74,43812,1,0,-21,47843,338164.0,2279028.0,379838.0,2.0,6.0,1.0,58514.0,1.5,1.1730343856826866,1,Alec BenjaminLet Me Down Slowly,187
Alec Benjamin,Let Me Down Slowly,74,76,200,22,175,75,43334,1,0,25,47843,56921.0,362267.0,72453.4,66.0,5.0,42.0,35891.0,1.6363636363636365,1.630540573777692,1,Alec BenjaminLet Me Down Slowly,187
Alicia Keys,If I Ain't Got You,7,8,191,167,-1,9,43920,1,0,6,49670,85367.0,186041.0,93020.5,57.0,2.0,22.0,15307.0,1.3859649122807018,1.1793081635760891,1,Alicia KeysIf I Ain't Got You,191
Alicia Keys,If I Ain't Got You,8,9,178,167,191,10,43431,1,0,-13,49670,76871.0,166423.0,83211.5,70.0,2.0,22.0,12681.0,1.3142857142857143,1.1649646810890972,1,Alicia KeysIf I Ain't Got You,191
Alicia Keys,If I Ain't Got You,9,10,200,167,-1,11,46530,1,0,22,49670,67508.0,434485.0,86897.0,40.0,5.0,42.0,46713.0,2.05,1.6919624340818866,1,Alicia KeysIf I Ain't Got You,191
Alicia Keys,If I Ain't Got You,10,12,197,167,200,12,49670,1,0,-3,49670,58986.0,368600.0,61433.333333333336,95.0,6.0,39.0,6244.0,1.4105263157894736,1.105855626758892,1,Alicia KeysIf I Ain't Got You,191
Appel,Foute,5,43,160,102,130,7,51288,1,0,30,54793,46402.0,301595.0,50265.833333333336,145.0,6.0,32.0,7639.0,1.2206896551724138,1.1646265247187622,1,AppelFoute,160
Appel,Foute,6,44,158,102,160,8,48032,1,0,-2,54793,69741.0,441776.0,73629.33333333333,68.0,6.0,28.0,7615.0,1.411764705882353,1.1091897162357867,1,AppelFoute,160
Appel,Foute,7,45,118,102,158,9,53839,1,0,-40,54793,67405.0,67405.0,67405.0,112.0,1.0,0.0,0.0,1.0,1.0,1,AppelFoute,160
Appel,Foute,8,46,186,102,118,10,44674,1,0,68,54793,55094.0,344944.0,57490.666666666664,114.0,6.0,22.0,6807.0,1.1929824561403508,1.1235524739536065,1,AppelFoute,160
Appel,Foute,9,47,178,102,186,11,49456,1,0,-8,54793,68496.0,436192.0,72698.66666666667,67.0,6.0,37.0,11470.0,1.5522388059701493,1.167455033870591,1,AppelFoute,160
Appel,Foute,10,48,163,102,178,12,54793,1,0,-15,54793,71645.0,454539.0,75756.5,62.0,6.0,40.0,12804.0,1.6451612903225807,1.1787144950799078,1,AppelFoute,160
Arctic Monkeys,I Wanna Be Yours,9,12,192,159,-1,10,44280,1,0,1,44280,60101.0,384520.0,64086.666666666664,93.0,6.0,22.0,8628.0,1.2365591397849462,1.1435583434551837,1,Arctic MonkeysI Wanna Be Yours,192
Asanda Mkhize,Buya Ekhaya Bakulindile,1,1,199,161,-1,2,43174,1,0,38,51686,45671.0,241900.0,48380.0,148.0,5.0,44.0,5699.0,1.2972972972972974,1.1247837796413478,1,Asanda MkhizeBuya Ekhaya Bakulindile,199
Asanda Mkhize,Buya Ekhaya Bakulindile,2,2,181,161,-1,3,51686,1,0,-18,51686,68369.0,141993.0,70996.5,97.0,2.0,10.0,5255.0,1.1030927835051547,1.0768623206423964,1,Asanda MkhizeBuya Ekhaya Bakulindile,199
Aymos,Fatela,31,95,24,3,24,33,138615,1,1,0,138615,49951.0,305753.0,50958.833333333336,135.0,6.0,48.0,2489.0,1.3555555555555556,1.0498288322556104,3,AymosFatela,24
Aymos,Fatela,32,96,24,3,24,34,120511,1,1,0,138615,43889.0,188193.0,47048.25,176.0,4.0,20.0,6910.0,1.1136363636363635,1.1574426393857231,3,AymosFatela,24
Aymos,Fatela,33,97,27,3,24,35,111910,1,1,3,138615,90173.0,516025.0,103205.0,32.0,5.0,20.0,22504.0,1.625,1.249564725583046,3,AymosFatela,24
Aymos,Fatela,34,98,32,3,27,36,104713,1,1,5,138615,54346.0,353374.0,58895.666666666664,100.0,6.0,38.0,9230.0,1.38,1.16983770654694,3,AymosFatela,24
Aymos,Fatela,35,99,50,3,32,37,109496,1,1,18,138615,42448.0,145173.0,48391.0,143.0,3.0,48.0,11150.0,1.3356643356643356,1.2626743309460988,3,AymosFatela,24
Aymos,Fatela,36,100,32,3,50,38,123222,1,1,-18,138615,43884.0,43884.0,43884.0,192.0,1.0,0.0,0.0,1.0,1.0,3,AymosFatela,24
Ayra Starr,Rush,38,38,27,7,27,40,135081,1,1,0,135081,87070.0,573249.0,95541.5,43.0,6.0,22.0,16668.0,1.5116279069767442,1.19143218100379,3,Ayra StarrRush,27
Ayra Starr,Rush,39,39,25,7,27,41,119747,1,1,-2,135081,91005.0,643130.0,107188.33333333333,30.0,6.0,31.0,37025.0,2.033333333333333,1.4068457777045218,3,Ayra StarrRush,27
Ayra Starr,Rush,40,40,25,7,25,42,112469,1,1,0,135081,67039.0,437684.0,72947.33333333333,68.0,6.0,25.0,15915.0,1.3676470588235294,1.2373991258819492,3,Ayra StarrRush,27
Ayra Starr,Rush,41,41,28,7,25,43,109940,1,1,3,135081,100732.0,624990.0,104165.0,33.0,6.0,20.0,7091.0,1.606060606060606,1.0703947107175475,3,Ayra StarrRush,27
Ayra Starr,Rush,42,42,48,7,28,44,112005,1,1,20,135081,44668.0,283720.0,47286.666666666664,159.0,6.0,35.0,5403.0,1.220125786163522,1.1209590758484822,3,Ayra StarrRush,27
Ayra Starr,Rush,43,43,38,7,48,45,115714,1,1,-10,135081,47191.0,47191.0,47191.0,194.0,1.0,0.0,0.0,1.0,1.0,3,Ayra StarrRush,27
Baby Keem,family ties (with Kendrick Lamar),51,84,175,15,168,53,49657,1,0,7,49657,55992.0,350293.0,58382.166666666664,104.0,6.0,38.0,7903.0,1.3653846153846154,1.1411451635947993,1,Baby Keemfamily ties (with Kendrick Lamar),175
Baby Keem,family ties (with Kendrick Lamar),52,85,185,15,175,54,44220,1,0,10,49657,50323.0,323941.0,53990.166666666664,126.0,6.0,22.0,12935.0,1.1746031746031746,1.2570395246706279,1,Baby Keemfamily ties (with Kendrick Lamar),175
Baby Keem,family ties (with Kendrick Lamar),53,86,179,15,185,55,43206,1,0,-6,49657,224672.0,1553079.0,258846.5,5.0,6.0,4.0,47046.0,1.8,1.2093985899444524,1,Baby Keemfamily ties (with Kendrick Lamar),175
Baby Keem,family ties (with Kendrick Lamar),54,87,177,15,179,56,45564,1,0,-2,49657,42296.0,176496.0,44124.0,189.0,4.0,10.0,3757.0,1.052910052910053,1.0888263665594855,1,Baby Keemfamily ties (with Kendrick Lamar),175
Barto,H2O,23,52,196,92,196,24,46549,1,0,0,52331,64114.0,406542.0,67757.0,78.0,6.0,36.0,9433.0,1.4615384615384615,1.1471285522662757,1,BartoH2O,196
Barto,H2O,24,54,195,92,196,25,43614,1,0,-1,52331,46787.0,260358.0,52071.6,105.0,5.0,94.0,17716.0,1.8952380952380952,1.378652189710817,1,BartoH2O,196
Barto,H2O,25,56,158,92,195,26,46885,1,0,-37,52331,89568.0,182524.0,91262.0,64.0,2.0,9.0,3388.0,1.140625,1.037826009289032,1,BartoH2O,196
Barto,H2O,26,58,172,92,158,27,46116,1,0,14,52331,62970.0,405658.0,67609.66666666667,72.0,6.0,49.0,12046.0,1.6805555555555556,1.1912974432269334,1,BartoH2O,196
Barto,H2O,27,60,189,92,172,28,47876,1,0,17,52331,44784.0,188209.0,47052.25,152.0,4.0,30.0,7323.0,1.1973684210526316,1.1635182207931405,1,BartoH2O,196
Barto,H2O,28,62,178,92,189,29,52331,1,0,-11,52331,43477.0,242877.0,48575.4,120.0,5.0,78.0,10117.0,1.65,1.2326977482346988,1,BartoH2O,196
Barto,Impulsief,28,51,150,92,152,30,52170,1,0,-2,56851,68426.0,460939.0,76823.16666666667,61.0,6.0,25.0,17722.0,1.4098360655737705,1.2589951188144857,1,BartoImpulsief,150
Barto,Impulsief,29,53,152,92,150,31,48757,1,0,2,56851,130137.0,870333.0,145055.5,15.0,6.0,17.0,42115.0,2.1333333333333333,1.3236204922504744,1,BartoImpulsief,150
Barto,Impulsief,30,55,130,92,152,32,51084,1,0,-22,56851,48384.0,277744.0,55548.8,104.0,5.0,82.0,15728.0,1.7884615384615385,1.3250661375661377,1,BartoImpulsief,150
Barto,Impulsief,31,57,147,92,130,33,49581,1,0,17,56851,57095.0,361223.0,60203.833333333336,101.0,6.0,34.0,7327.0,1.3366336633663367,1.1283299763551975,1,BartoImpulsief,150
Barto,Impulsief,32,59,151,92,147,34,53178,1,0,4,56851,56030.0,358306.0,59717.666666666664,99.0,6.0,37.0,10296.0,1.3737373737373737,1.1837587006960557,1,BartoImpulsief,150
Barto,Impulsief,33,61,151,92,151,35,56851,1,0,0,56851,88719.0,573855.0,95642.5,43.0,6.0,24.0,14239.0,1.558139534883721,1.160495497018677,1,BartoImpulsief,150
Big Nuz,Ngeke,30,30,107,1,114,32,64195,1,1,-7,64195,57633.0,372966.0,62161.0,98.0,6.0,21.0,8583.0,1.2142857142857142,1.1489250949976575,1,Big NuzNgeke,107
Big Nuz,Ngeke,31,31,125,1,107,33,53193,1,1,18,64195,43705.0,43705.0,43705.0,197.0,1.0,0.0,0.0,1.0,1.0,1,Big NuzNgeke,107
Big Nuz,Ngeke,32,32,153,1,125,34,47992,1,1,28,64195,41892.0,135414.0,45138.0,177.0,3.0,18.0,6375.0,1.1016949152542372,1.1521770266399312,1,Big NuzNgeke,107
Big Nuz,Ngeke,33,33,129,1,153,35,51773,1,1,-24,64195,45950.0,98082.0,49041.0,151.0,2.0,23.0,6182.0,1.1523178807947019,1.1345375408052232,1,Big NuzNgeke,107
Big Nuz,Ngeke,34,34,168,1,129,36,50371,1,1,39,64195,48744.0,305340.0,50890.0,137.0,6.0,30.0,5509.0,1.218978102189781,1.113019038240604,1,Big NuzNgeke,107
Big Nuz,Ngeke,35,35,168,1,168,37,53928,1,1,0,64195,60993.0,383300.0,63883.333333333336,89.0,6.0,37.0,4923.0,1.4157303370786516,1.080714180315774,1,Big NuzNgeke,107
Billie Eilish,"What Was I Made For? [From The Motion Picture ""Barbie""]",1,1056,27,27,48,2,110340,1,0,-21,155073,141422.0,468449.0,156149.66666666666,14.0,3.0,12.0,30494.0,1.8571428571428572,1.2156241603145197,1,"Billie EilishWhat Was I Made For? [From The Motion Picture ""Barbie""]",27
Billie Eilish,"What Was I Made For? [From The Motion Picture ""Barbie""]",2,1058,33,27,27,3,137141,1,0,6,155073,46938.0,309357.0,51559.5,133.0,6.0,31.0,9409.0,1.2330827067669172,1.2004559205760792,1,"Billie EilishWhat Was I Made For? [From The Motion Picture ""Barbie""]",27
Billie Eilish,"What Was I Made For? [From The Motion Picture ""Barbie""]",3,1060,18,18,33,4,155073,1,0,-15,155073,44450.0,90945.0,45472.5,183.0,2.0,14.0,2045.0,1.0765027322404372,1.0460067491563554,1,"Billie EilishWhat Was I Made For? [From The Motion Picture ""Barbie""]",27
Billie Eilish,lovely (with Khalid),268,1052,76,22,74,271,76772,1,0,2,84666,91408.0,306939.0,102313.0,21.0,3.0,47.0,24924.0,3.238095238095238,1.2726676002100472,1,Billie Eilishlovely (with Khalid),76
Billie Eilish,lovely (with Khalid),269,1053,76,22,76,272,69777,1,0,0,84666,44420.0,232085.0,46417.0,172.0,5.0,26.0,4533.0,1.1511627906976745,1.1020486267447096,1,Billie Eilishlovely (with Khalid),76
Billie Eilish,lovely (with Khalid),270,1055,72,22,76,273,69860,1,0,-4,84666,71627.0,475247.0,79207.83333333333,54.0,6.0,43.0,22327.0,1.7962962962962963,1.3117120638865232,1,Billie Eilishlovely (with Khalid),76
Billie Eilish,lovely (with Khalid),271,1057,80,22,72,274,69696,1,0,8,84666,44989.0,305340.0,50890.0,135.0,6.0,49.0,10312.0,1.362962962962963,1.2292115850541243,1,Billie Eilishlovely (with Khalid),76
Billie Eilish,lovely (with Khalid),272,1059,90,22,80,275,77313,1,0,10,84666,45007.0,292620.0,48770.0,156.0,6.0,25.0,10451.0,1.1602564102564104,1.2322083231497323,1,Billie Eilishlovely (with Khalid),76
Billie Eilish,lovely (with Khalid),273,1061,75,22,90,276,84666,1,0,-15,84666,47779.0,309250.0,51541.666666666664,139.0,6.0,20.0,7644.0,1.143884892086331,1.1599866049938257,1,Billie Eilishlovely (with Khalid),76
Billie Eilish,when the party's over,138,1062,185,11,-1,140,51337,1,0,0,51337,189383.0,1237602.0,206267.0,7.0,6.0,9.0,38418.0,2.2857142857142856,1.2028587571218115,1,Billie Eilishwhen the party's over,185
Brendan Peyper,Toer Om Die Vloer,18,18,194,132,188,19,46831,1,0,6,55479,43002.0,133020.0,44340.0,176.0,3.0,11.0,2450.0,1.0625,1.0569740942281753,1,Brendan PeyperToer Om Die Vloer,194
Brendan Peyper,Toer Om Die Vloer,19,19,188,132,194,20,44048,1,0,-6,55479,54966.0,390513.0,65085.5,63.0,6.0,89.0,31427.0,2.4126984126984126,1.5717534475857804,1,Brendan PeyperToer Om Die Vloer,194
Brendan Peyper,Toer Om Die Vloer,20,20,168,132,188,21,45083,1,0,-20,55479,41822.0,85990.0,42995.0,186.0,2.0,11.0,2346.0,1.0591397849462365,1.056094878293721,1,Brendan PeyperToer Om Die Vloer,194
Brendan Peyper,Toer Om Die Vloer,21,21,176,132,168,22,45838,1,0,8,55479,128056.0,869678.0,144946.33333333334,12.0,6.0,26.0,54154.0,3.1666666666666665,1.4228931092646966,1,Brendan PeyperToer Om Die Vloer,194
Brendan Peyper,Toer Om Die Vloer,22,22,167,132,176,23,50412,1,0,-9,55479,47334.0,314883.0,52480.5,122.0,6.0,43.0,12032.0,1.3524590163934427,1.2541936029070013,1,Brendan PeyperToer Om Die Vloer,194
Brendan Peyper,Toer Om Die Vloer,23,23,155,132,167,24,55479,1,0,-12,55479,115542.0,759234.0,126539.0,22.0,6.0,19.0,23162.0,1.8636363636363635,1.2004639005729518,1,Brendan PeyperToer Om Die Vloer,194
Brent Faiyaz,Clouded,23,130,101,86,103,25,66297,1,0,-2,66297,41555.0,131977.0,43992.333333333336,188.0,3.0,12.0,4446.0,1.0638297872340425,1.1069907351702564,1,Brent FaiyazClouded,101
Brent Faiyaz,Clouded,24,132,92,86,101,26,63295,1,0,-9,66297,56816.0,364711.0,60785.166666666664,97.0,6.0,31.0,8708.0,1.3195876288659794,1.153266685440721,1,Brent FaiyazClouded,101
Brent Faiyaz,Clouded,25,134,100,86,92,27,59625,1,0,8,66297,71058.0,452168.0,75361.33333333333,65.0,6.0,34.0,12752.0,1.523076923076923,1.1794590334656196,1,Brent FaiyazClouded,101
Brent Faiyaz,Clouded,26,136,102,86,100,28,59522,1,0,2,66297,109644.0,755910.0,125985.0,18.0,6.0,31.0,59944.0,2.7222222222222223,1.546714822516508,1,Brent FaiyazClouded,101
Brent Faiyaz,Clouded,27,138,121,86,102,29,60844,1,0,19,66297,46372.0,299340.0,49890.0,138.0,6.0,44.0,8601.0,1.318840579710145,1.1854783058742344,1,Brent FaiyazClouded,101
Brent Faiyaz,Clouded,28,140,117,86,121,30,66162,1,0,-4,66297,46968.0,46968.0,46968.0,193.0,1.0,0.0,0.0,1.0,1.0,1,Brent FaiyazClouded,101
Brent Faiyaz,JACKIE BROWN,17,129,98,52,102,19,66632,1,0,-4,67888,49610.0,324303.0,54050.5,112.0,6.0,77.0,13524.0,1.6875,1.2726063293690788,1,Brent FaiyazJACKIE BROWN,98
Brent Faiyaz,JACKIE BROWN,18,131,87,52,98,20,65734,1,0,-11,67888,217210.0,1485910.0,247651.66666666666,5.0,6.0,9.0,85207.0,2.8,1.3922793609870632,1,Brent FaiyazJACKIE BROWN,98
Brent Faiyaz,JACKIE BROWN,19,133,94,52,87,21,61084,1,0,7,67888,46327.0,290116.0,48352.666666666664,162.0,6.0,29.0,4044.0,1.1790123456790123,1.0872925076089537,1,Brent FaiyazJACKIE BROWN,98
Brent Faiyaz,JACKIE BROWN,20,135,94,52,94,22,62324,1,0,0,67888,70804.0,437893.0,72982.16666666667,71.0,6.0,29.0,6760.0,1.408450704225352,1.0954748319303995,1,Brent FaiyazJACKIE BROWN,98
Brent Faiyaz,JACKIE BROWN,21,137,117,52,94,23,62968,1,0,23,67888,123061.0,790073.0,131678.83333333334,19.0,6.0,17.0,27476.0,1.894736842105263,1.2232713857355295,1,Brent FaiyazJACKIE BROWN,98
Brent Faiyaz,JACKIE BROWN,22,139,108,52,117,24,67888,1,0,-9,67888,47785.0,313708.0,52284.666666666664,129.0,6.0,37.0,10338.0,1.2868217054263567,1.2163440410170556,1,Brent FaiyazJACKIE BROWN,98
Bryson Tiller,Don't,77,169,64,55,68,79,84575,1,0,-4,86099,42831.0,186965.0,46741.25,164.0,4.0,21.0,8090.0,1.1280487804878048,1.1888818846162825,1,Bryson TillerDon't,64
Bryson Tiller,Don't,78,171,63,55,64,80,78021,1,0,-1,86099,165615.0,1056753.0,176125.5,10.0,6.0,14.0,40651.0,2.4,1.2454548199136553,1,Bryson TillerDon't,64
Bryson Tiller,Don't,79,174,64,55,63,81,73216,1,0,1,86099,49044.0,49044.0,49044.0,180.0,1.0,0.0,0.0,1.0,1.0,1,Bryson TillerDon't,64
Bryson Tiller,Don't,80,177,65,55,64,82,77933,1,0,1,86099,42918.0,161309.0,53769.666666666664,94.0,3.0,90.0,24840.0,1.9574468085106382,1.5787781350482315,1,Bryson TillerDon't,64
Bryson Tiller,Don't,81,180,85,55,65,83,80340,1,0,20,86099,47084.0,340618.0,56769.666666666664,100.0,6.0,95.0,19225.0,1.95,1.408312802650582,1,Bryson TillerDon't,64
Bryson Tiller,Don't,82,183,73,55,85,84,86099,1,0,-12,86099,69847.0,439301.0,73216.83333333333,73.0,6.0,25.0,11814.0,1.3424657534246576,1.1691411227397024,1,Bryson TillerDon't,64
Bryson Tiller,Exchange,72,170,88,81,92,74,71641,1,0,-4,72767,52435.0,327921.0,54653.5,125.0,6.0,21.0,7688.0,1.168,1.1466196242967484,1,Bryson TillerExchange,88
Bryson Tiller,Exchange,73,172,79,79,88,75,68569,1,0,-9,72767,86744.0,588577.0,98096.16666666667,32.0,6.0,44.0,32673.0,2.375,1.3766600571797474,1,Bryson TillerExchange,88
Bryson Tiller,Exchange,74,175,99,79,79,76,59971,1,0,20,72767,47635.0,294731.0,49121.833333333336,141.0,6.0,54.0,2193.0,1.3829787234042554,1.046037577411567,1,Bryson TillerExchange,88
Bryson Tiller,Exchange,75,178,83,79,99,77,67522,1,0,-16,72767,43640.0,143801.0,47933.666666666664,143.0,3.0,34.0,6685.0,1.2377622377622377,1.153185151237397,1,Bryson TillerExchange,88
Bryson Tiller,Exchange,76,181,109,79,83,78,67650,1,0,26,72767,53538.0,368064.0,61344.0,92.0,6.0,42.0,15753.0,1.4565217391304348,1.2942396055138405,1,Bryson TillerExchange,88
Bryson Tiller,Exchange,77,184,98,79,109,79,72767,1,0,-11,72767,88849.0,584904.0,97484.0,38.0,6.0,34.0,21531.0,1.894736842105263,1.2423324967078977,1,Bryson TillerExchange,88
Bryson Tiller,Right My Wrongs,3,173,184,171,-1,5,44291,1,0,-15,46563,80887.0,523091.0,87181.83333333333,57.0,6.0,17.0,15491.0,1.2982456140350878,1.1915140875542423,1,Bryson TillerRight My Wrongs,184
Bryson Tiller,Right My Wrongs,4,176,190,171,184,6,42568,1,0,6,46563,53616.0,53616.0,53616.0,171.0,1.0,0.0,0.0,1.0,1.0,1,Bryson TillerRight My Wrongs,184
Bryson Tiller,Right My Wrongs,5,179,185,171,190,7,44936,1,0,-5,46563,47970.0,355931.0,59321.833333333336,66.0,6.0,119.0,36435.0,2.803030303030303,1.7595372107567229,1,Bryson TillerRight My Wrongs,184
Bryson Tiller,Right My Wrongs,6,182,199,171,185,8,46563,1,0,14,46563,79090.0,511173.0,85195.5,57.0,6.0,18.0,13776.0,1.3157894736842106,1.1741813124288785,1,Bryson TillerRight My Wrongs,184
Burna Boy,For My Hand (feat. Ed Sheeran),50,205,80,11,91,52,74976,2,0,-11,74976,66625.0,440053.0,73342.16666666667,74.0,6.0,13.0,13538.0,1.1756756756756757,1.2031969981238273,1,Burna BoyFor My Hand (feat. Ed Sheeran),80
Burna Boy,For My Hand (feat. Ed Sheeran),51,207,88,11,80,53,65366,2,0,8,74976,267021.0,1842977.0,307162.8333333333,2.0,6.0,4.0,98633.0,3.0,1.3693829324285356,1,Burna BoyFor My Hand (feat. Ed Sheeran),80
Burna Boy,For My Hand (feat. Ed Sheeran),52,209,96,11,88,54,60665,2,0,8,74976,91847.0,625421.0,104236.83333333333,36.0,6.0,23.0,26368.0,1.6388888888888888,1.2870861323723148,1,Burna BoyFor My Hand (feat. Ed Sheeran),80
Burna Boy,For My Hand (feat. Ed Sheeran),53,211,81,11,96,55,69428,2,0,-15,74976,47193.0,213626.0,53406.5,112.0,4.0,50.0,16536.0,1.4464285714285714,1.3503909478100566,1,Burna BoyFor My Hand (feat. Ed Sheeran),80
Burna Boy,For My Hand (feat. Ed Sheeran),54,213,116,11,81,56,63450,2,0,35,74976,110995.0,800496.0,133416.0,20.0,6.0,19.0,46382.0,1.95,1.4178746790395964,1,Burna BoyFor My Hand (feat. Ed Sheeran),80
Burna Boy,For My Hand (feat. Ed Sheeran),55,215,123,11,116,57,64581,2,0,7,74976,47097.0,47097.0,47097.0,190.0,1.0,0.0,0.0,1.0,1.0,1,Burna BoyFor My Hand (feat. Ed Sheeran),80
Burna Boy,Last Last,58,204,49,1,49,60,100092,1,1,0,100092,44504.0,94929.0,47464.5,168.0,2.0,14.0,5921.0,1.0833333333333333,1.1330442207442029,3,Burna BoyLast Last,49
Burna Boy,Last Last,59,206,44,1,49,61,94871,1,1,-5,100092,44138.0,95367.0,47683.5,161.0,2.0,26.0,7091.0,1.1614906832298137,1.1606552177262224,3,Burna BoyLast Last,49
Burna Boy,Last Last,60,208,53,1,44,62,87123,1,1,9,100092,83454.0,527333.0,87888.83333333333,49.0,6.0,33.0,14826.0,1.6734693877551021,1.1776547559134374,3,Burna BoyLast Last,49
Burna Boy,Last Last,61,210,38,1,53,63,97070,1,1,-15,100092,50148.0,320833.0,53472.166666666664,112.0,6.0,62.0,9119.0,1.5535714285714286,1.181841748424663,3,Burna BoyLast Last,49
Burna Boy,Last Last,62,212,68,1,38,64,93409,1,1,30,100092,68188.0,440287.0,73381.16666666667,64.0,6.0,44.0,13262.0,1.6875,1.1944916994192527,3,Burna BoyLast Last,49
Burna Boy,Last Last,63,214,63,1,68,65,93185,1,1,-5,100092,68743.0,449556.0,74926.0,66.0,6.0,25.0,11336.0,1.378787878787879,1.1649040629591376,3,Burna BoyLast Last,49
Busta 929,Uyavala,1,232,15,15,26,2,172478,1,0,-11,172478,56490.0,359561.0,59926.833333333336,103.0,6.0,29.0,9153.0,1.2815533980582525,1.1620286776420605,3,Busta 929Uyavala,15
Busta 929,Uyavala,2,233,18,15,15,3,141707,1,0,3,172478,101939.0,669036.0,111506.0,31.0,6.0,16.0,16696.0,1.5161290322580645,1.163784223898606,3,Busta 929Uyavala,15
Busta 929,Uyavala,3,234,16,15,18,4,138218,1,0,-2,172478,77856.0,493957.0,82326.16666666667,56.0,6.0,31.0,15133.0,1.5535714285714286,1.1943716605014385,3,Busta 929Uyavala,15
Busta 929,Uyavala,4,235,18,15,16,5,127859,1,0,2,172478,43071.0,87166.0,43583.0,181.0,2.0,14.0,1024.0,1.0773480662983426,1.0237746975923476,3,Busta 929Uyavala,15
Busta 929,Uyavala,5,236,30,15,18,6,141174,1,0,12,172478,75511.0,508595.0,84765.83333333333,52.0,6.0,42.0,18178.0,1.8076923076923077,1.240733138218273,3,Busta 929Uyavala,15
Busta 929,Uyavala,6,237,19,15,30,7,152827,1,0,-11,172478,104134.0,699412.0,116568.66666666667,24.0,6.0,21.0,33965.0,1.875,1.3261662857472103,3,Busta 929Uyavala,15
Casswell P,Mangihlale,6,6,77,40,76,8,75357,1,0,1,75357,101114.0,101114.0,101114.0,54.0,1.0,0.0,0.0,1.0,1.0,1,Casswell PMangihlale,77
Casswell P,Mangihlale,7,7,120,40,77,9,54139,1,0,43,75357,184078.0,1329872.0,221645.33333333334,4.0,6.0,13.0,123612.0,4.25,1.6715196818739881,1,Casswell PMangihlale,77
Casswell P,Mangihlale,8,8,138,40,120,10,49268,1,0,18,75357,83445.0,602058.0,100343.0,22.0,6.0,58.0,55623.0,3.6363636363636362,1.6665827790760381,1,Casswell PMangihlale,77
Casswell P,Mangihlale,9,9,173,40,138,11,46087,1,0,35,75357,58035.0,391861.0,65310.166666666664,74.0,6.0,53.0,20727.0,1.7162162162162162,1.3571465494959938,1,Casswell PMangihlale,77
Casswell P,Mangihlale,10,10,193,40,173,12,47323,1,0,20,75357,72378.0,395095.0,79019.0,52.0,5.0,47.0,16467.0,1.9038461538461537,1.2275138854348007,1,Casswell PMangihlale,77
Central Cee,Doja,34,48,147,20,178,35,52518,1,0,-31,52518,43402.0,92099.0,46049.5,144.0,2.0,54.0,5295.0,1.375,1.1219989862218331,1,Central CeeDoja,147
Central Cee,Doja,35,49,131,20,147,36,52088,1,0,-16,52518,96691.0,884641.0,147440.16666666666,9.0,6.0,32.0,104415.0,4.555555555555555,2.079883339711038,1,Central CeeDoja,147
Central Cee,Doja,36,50,163,20,131,37,46266,1,0,32,52518,43093.0,144490.0,48163.333333333336,130.0,3.0,50.0,13576.0,1.3846153846153846,1.3150395655906992,1,Central CeeDoja,147
Central Cee,Doja,37,51,142,20,163,38,49746,1,0,-21,52518,49706.0,49706.0,49706.0,174.0,1.0,0.0,0.0,1.0,1.0,1,Central CeeDoja,147
Central Cee,Doja,38,52,179,20,142,39,49131,1,0,37,52518,82221.0,430793.0,86158.6,45.0,5.0,38.0,11387.0,1.8444444444444446,1.1384925992143127,1,Central CeeDoja,147
Central Cee,Doja,39,53,180,20,179,40,51746,1,0,1,52518,64146.0,399204.0,66534.0,81.0,6.0,35.0,6573.0,1.4320987654320987,1.1024693667570853,1,Central CeeDoja,147
Chris Brown,Under The Influence,66,403,53,2,48,68,95368,1,1,5,95368,52823.0,343005.0,57167.5,110.0,6.0,27.0,9314.0,1.2454545454545454,1.1763247070404936,3,Chris BrownUnder The Influence,53
Chris Brown,Under The Influence,67,404,51,2,53,69,89911,1,1,-2,95368,52454.0,52454.0,52454.0,126.0,1.0,0.0,0.0,1.0,1.0,3,Chris BrownUnder The Influence,53
Chris Brown,Under The Influence,68,405,55,2,51,70,83614,1,1,4,95368,92690.0,613551.0,102258.5,34.0,6.0,20.0,18481.0,1.588235294117647,1.199385046930629,3,Chris BrownUnder The Influence,53
Chris Brown,Under The Influence,69,406,54,2,55,71,86254,1,1,-1,95368,49602.0,260176.0,65044.0,62.0,4.0,83.0,37145.0,2.338709677419355,1.748860933026894,3,Chris BrownUnder The Influence,53
Chris Brown,Under The Influence,70,407,78,2,54,72,86121,1,1,24,95368,60107.0,447759.0,74626.5,40.0,6.0,84.0,46437.0,3.1,1.772572246161013,3,Chris BrownUnder The Influence,53
Chris Brown,Under The Influence,71,408,67,2,78,73,91861,1,1,-11,95368,44309.0,220386.0,55096.5,93.0,4.0,98.0,24088.0,2.053763440860215,1.5436367329436458,3,Chris BrownUnder The Influence,53
ChubbyCheeks,Kuyabongwa,1,1,111,111,123,2,56727,1,0,-12,60035,65761.0,426582.0,71097.0,65.0,6.0,46.0,14178.0,1.7076923076923076,1.215598911208771,1,ChubbyCheeksKuyabongwa,111
ChubbyCheeks,Kuyabongwa,2,2,118,111,111,3,54822,1,0,7,60035,41580.0,161743.0,53914.333333333336,120.0,3.0,78.0,20386.0,1.65,1.4902837902837902,1,ChubbyCheeksKuyabongwa,111
ChubbyCheeks,Kuyabongwa,3,3,130,111,118,4,59655,1,0,12,60035,58918.0,376117.0,62686.166666666664,89.0,6.0,51.0,12299.0,1.5730337078651686,1.2087477511117146,1,ChubbyCheeksKuyabongwa,111
ChubbyCheeks,Kuyabongwa,4,4,138,111,130,5,60035,1,0,8,60035,109303.0,694102.0,115683.66666666667,26.0,6.0,25.0,21712.0,1.9615384615384615,1.1986404764736558,1,ChubbyCheeksKuyabongwa,111
DJ Maphorisa,"Shona Kwelanga (feat. Mawhoo, Da Muziqal Chef & Kabza De Small)",16,299,42,19,41,34,105177,3,0,1,120116,52361.0,336039.0,56006.5,101.0,6.0,53.0,8353.0,1.5247524752475248,1.1595271289700348,3,"DJ MaphorisaShona Kwelanga (feat. Mawhoo, Da Muziqal Chef & Kabza De Small)",42
DJ Maphorisa,"Shona Kwelanga (feat. Mawhoo, Da Muziqal Chef & Kabza De Small)",17,300,42,19,42,35,95426,3,0,0,120116,46251.0,247609.0,49521.8,136.0,5.0,37.0,6856.0,1.2720588235294117,1.148234632764697,3,"DJ MaphorisaShona Kwelanga (feat. Mawhoo, Da Muziqal Chef & Kabza De Small)",42
DJ Maphorisa,"Shona Kwelanga (feat. Mawhoo, Da Muziqal Chef & Kabza De Small)",18,301,44,19,42,36,95415,3,0,2,120116,45245.0,188494.0,47123.5,159.0,4.0,22.0,3794.0,1.1383647798742138,1.0838545695656978,3,"DJ MaphorisaShona Kwelanga (feat. Mawhoo, Da Muziqal Chef & Kabza De Small)",42
DJ Maphorisa,"Shona Kwelanga (feat. Mawhoo, Da Muziqal Chef & Kabza De Small)",19,302,49,19,44,37,90535,3,0,5,120116,49918.0,331280.0,55213.333333333336,117.0,6.0,28.0,8824.0,1.2393162393162394,1.1767699026403302,3,"DJ MaphorisaShona Kwelanga (feat. Mawhoo, Da Muziqal Chef & Kabza De Small)",42
DJ Maphorisa,"Shona Kwelanga (feat. Mawhoo, Da Muziqal Chef & Kabza De Small)",20,303,58,19,49,38,102446,3,0,9,120116,44105.0,242051.0,48410.2,133.0,5.0,61.0,11988.0,1.4586466165413534,1.2718059176964063,3,"DJ MaphorisaShona Kwelanga (feat. Mawhoo, Da Muziqal Chef & Kabza De Small)",42
DJ Maphorisa,"Shona Kwelanga (feat. Mawhoo, Da Muziqal Chef & Kabza De Small)",21,304,34,19,58,39,120116,3,0,-24,120116,50581.0,327992.0,54665.333333333336,117.0,6.0,29.0,8008.0,1.2478632478632479,1.1583203179059332,3,"DJ MaphorisaShona Kwelanga (feat. Mawhoo, Da Muziqal Chef & Kabza De Small)",42
DJ Stokie,Awukhuzeki,2,50,45,45,172,3,102244,1,0,-127,448211,77899.0,487953.0,81325.5,55.0,6.0,34.0,12295.0,1.6181818181818182,1.1578325780818752,0,DJ StokieAwukhuzeki,45
DJ Stokie,Awukhuzeki,3,51,11,11,45,4,174295,1,0,-34,448211,110853.0,701438.0,116906.33333333333,25.0,6.0,15.0,13498.0,1.6,1.121764859769244,0,DJ StokieAwukhuzeki,45
DJ Stokie,Awukhuzeki,1,53,3,3,6,6,331600,1,1,-3,448211,47800.0,151900.0,50633.333333333336,115.0,3.0,43.0,7755.0,1.373913043478261,1.1622384937238495,0,DJ StokieAwukhuzeki,45
DJ Stokie,Awukhuzeki,2,54,2,2,3,7,389564,1,1,-1,448211,201545.0,1339937.0,223322.83333333334,8.0,6.0,4.0,35773.0,1.5,1.177493859932025,0,DJ StokieAwukhuzeki,45
DJ Stokie,Awukhuzeki,3,55,2,2,2,8,448211,1,1,0,448211,42799.0,275681.0,45946.833333333336,186.0,6.0,11.0,6908.0,1.0591397849462365,1.161405640318699,0,DJ StokieAwukhuzeki,45
Daniel Caesar,Best Part (feat. H.E.R.),195,229,162,83,162,197,51188,2,0,0,53822,43065.0,89157.0,44578.5,198.0,2.0,2.0,3027.0,1.0101010101010102,1.0702890978753048,1,Daniel CaesarBest Part (feat. H.E.R.),162
Daniel Caesar,Best Part (feat. H.E.R.),196,231,153,83,162,198,48714,2,0,-9,53822,120161.0,834637.0,139106.16666666666,14.0,6.0,23.0,54171.0,2.642857142857143,1.4508201496325763,1,Daniel CaesarBest Part (feat. H.E.R.),162
Daniel Caesar,Best Part (feat. H.E.R.),197,233,156,83,153,199,47782,2,0,3,53822,48932.0,324411.0,54068.5,115.0,6.0,47.0,14120.0,1.4086956521739131,1.2885637210823184,1,Daniel CaesarBest Part (feat. H.E.R.),162
Daniel Caesar,Best Part (feat. H.E.R.),198,235,134,83,156,200,51036,2,0,-22,53822,146582.0,979272.0,163212.0,11.0,6.0,14.0,37270.0,2.272727272727273,1.254260413966244,1,Daniel CaesarBest Part (feat. H.E.R.),162
Daniel Caesar,Best Part (feat. H.E.R.),199,237,157,83,134,201,51842,2,0,23,53822,91249.0,581703.0,96950.5,40.0,6.0,16.0,12165.0,1.4,1.1333165294962138,1,Daniel CaesarBest Part (feat. H.E.R.),162
Daniel Caesar,Best Part (feat. H.E.R.),200,239,170,83,157,202,53822,2,0,13,53822,52917.0,348869.0,58144.833333333336,109.0,6.0,24.0,11190.0,1.2201834862385321,1.2114632348772607,1,Daniel CaesarBest Part (feat. H.E.R.),162
Daniel Caesar,Get You (feat. Kali Uchis),24,228,136,119,166,26,55190,2,0,-30,57403,46376.0,302430.0,50405.0,150.0,6.0,15.0,8942.0,1.1,1.1928152492668622,1,Daniel CaesarGet You (feat. Kali Uchis),136
Daniel Caesar,Get You (feat. Kali Uchis),25,230,137,119,136,27,50697,2,0,1,57403,59153.0,374595.0,62432.5,87.0,6.0,35.0,5717.0,1.4022988505747127,1.0966476763646815,1,Daniel CaesarGet You (feat. Kali Uchis),136
Daniel Caesar,Get You (feat. Kali Uchis),26,232,124,119,137,28,52631,2,0,-13,57403,97534.0,622147.0,103691.16666666667,33.0,6.0,31.0,21187.0,1.9393939393939394,1.2172268132138537,1,Daniel CaesarGet You (feat. Kali Uchis),136
Daniel Caesar,Get You (feat. Kali Uchis),27,234,120,119,124,29,54235,2,0,-4,57403,96892.0,500748.0,100149.6,35.0,5.0,27.0,6528.0,1.7714285714285714,1.0673739834042026,1,Daniel CaesarGet You (feat. Kali Uchis),136
Daniel Caesar,Get You (feat. Kali Uchis),28,236,147,119,120,30,54258,2,0,27,57403,52105.0,52105.0,52105.0,153.0,1.0,0.0,0.0,1.0,1.0,1,Daniel CaesarGet You (feat. Kali Uchis),136
Daniel Caesar,Get You (feat. Kali Uchis),29,238,146,119,147,31,57403,2,0,-1,57403,49168.0,313264.0,52210.666666666664,119.0,6.0,57.0,7175.0,1.4789915966386555,1.1459282460136675,1,Daniel CaesarGet You (feat. Kali Uchis),136
Dave,Sprinter,4,62,6,4,5,5,271651,1,1,1,290577,43819.0,230973.0,46194.6,173.0,5.0,24.0,5953.0,1.138728323699422,1.1358543097742988,0,DaveSprinter,6
Dave,Sprinter,5,64,4,4,6,6,277364,1,1,-2,290577,51743.0,348506.0,58084.333333333336,102.0,6.0,55.0,16673.0,1.5392156862745099,1.3222271611618963,0,DaveSprinter,6
Dave,Sprinter,6,65,4,4,4,7,275046,1,1,0,290577,277854.0,573227.0,286613.5,5.0,2.0,2.0,17519.0,1.4,1.0630510987784951,0,DaveSprinter,6
Dave,Sprinter,7,66,4,4,4,8,290577,1,1,0,290577,46069.0,298496.0,49749.333333333336,131.0,6.0,51.0,7776.0,1.3893129770992367,1.1687902928216372,0,DaveSprinter,6
Dave,Sprinter,8,67,8,4,4,9,277577,1,1,4,290577,42055.0,42055.0,42055.0,194.0,1.0,0.0,0.0,1.0,1.0,0,DaveSprinter,6
Dave,Sprinter,9,68,6,4,8,10,281422,1,1,-2,290577,47453.0,302369.0,50394.833333333336,135.0,6.0,42.0,7654.0,1.3111111111111111,1.1612964406886814,0,DaveSprinter,6
Dave,UK Rap,4,63,195,87,164,5,46722,1,0,31,46722,42780.0,42780.0,42780.0,187.0,1.0,0.0,0.0,1.0,1.0,1,DaveUK Rap,195
David Guetta,I'm Good (Blue),43,164,83,8,79,45,73944,1,1,4,73944,43766.0,183004.0,45751.0,166.0,4.0,25.0,3310.0,1.1506024096385543,1.0756294840743956,1,David GuettaI'm Good (Blue),83
David Guetta,I'm Good (Blue),44,165,77,8,83,46,69189,1,1,-6,73944,47877.0,298132.0,49688.666666666664,144.0,6.0,44.0,4948.0,1.3055555555555556,1.1033481630010236,1,David GuettaI'm Good (Blue),83
David Guetta,I'm Good (Blue),45,166,82,8,77,47,67069,1,1,5,73944,64905.0,413834.0,68972.33333333333,72.0,6.0,39.0,9679.0,1.5416666666666667,1.1491256451737155,1,David GuettaI'm Good (Blue),83
David Guetta,I'm Good (Blue),46,168,85,8,82,48,67198,1,1,3,73944,45498.0,241004.0,48200.8,151.0,5.0,40.0,6263.0,1.2649006622516556,1.137654402391314,1,David GuettaI'm Good (Blue),83
David Guetta,I'm Good (Blue),47,169,105,8,85,49,68802,1,1,20,73944,89882.0,596469.0,99411.5,36.0,6.0,23.0,15939.0,1.6388888888888888,1.1773325026145391,1,David GuettaI'm Good (Blue),83
David Guetta,I'm Good (Blue),48,170,100,8,105,50,71253,1,1,-5,73944,53607.0,338735.0,56455.833333333336,107.0,6.0,42.0,7925.0,1.3925233644859814,1.1478351707799355,1,David GuettaI'm Good (Blue),83
David Kushner,Daylight,10,10,46,18,38,12,100825,1,0,8,100825,51263.0,321975.0,53662.5,113.0,6.0,59.0,5373.0,1.5221238938053097,1.1048124378206503,3,David KushnerDaylight,46
David Kushner,Daylight,11,11,40,18,46,13,97344,1,0,-6,100825,42699.0,143975.0,47991.666666666664,145.0,3.0,43.0,10030.0,1.296551724137931,1.234900114756786,3,David KushnerDaylight,46
David Kushner,Daylight,12,12,42,18,40,14,96934,1,0,2,100825,43352.0,43352.0,43352.0,199.0,1.0,0.0,0.0,1.0,1.0,3,David KushnerDaylight,46
David Kushner,Daylight,13,13,45,18,42,15,92985,1,0,3,100825,66510.0,66510.0,66510.0,115.0,1.0,0.0,0.0,1.0,1.0,3,David KushnerDaylight,46
David Kushner,Daylight,14,14,69,18,45,16,93032,1,0,24,100825,171840.0,171840.0,171840.0,15.0,1.0,0.0,0.0,1.0,1.0,3,David KushnerDaylight,46
David Kushner,Daylight,15,15,60,18,69,17,98321,1,0,-9,100825,73877.0,73877.0,73877.0,96.0,1.0,0.0,0.0,1.0,1.0,3,David KushnerDaylight,46
Davido,UNAVAILABLE (feat. Musa Keys),12,28,96,73,83,14,66830,2,0,13,67638,67671.0,67671.0,67671.0,110.0,1.0,0.0,0.0,1.0,1.0,1,DavidoUNAVAILABLE (feat. Musa Keys),96
Davido,UNAVAILABLE (feat. Musa Keys),13,29,86,73,96,15,65792,2,0,-10,67638,139358.0,139358.0,139358.0,22.0,1.0,0.0,0.0,1.0,1.0,1,DavidoUNAVAILABLE (feat. Musa Keys),96
Davido,UNAVAILABLE (feat. Musa Keys),14,30,80,73,86,16,67638,2,0,-6,67638,70823.0,209993.0,104996.5,31.0,2.0,71.0,68347.0,3.2903225806451615,1.9650396057777841,1,DavidoUNAVAILABLE (feat. Musa Keys),96
Davido,UNAVAILABLE (feat. Musa Keys),15,31,112,73,80,17,55886,2,0,32,67638,230340.0,230340.0,230340.0,9.0,1.0,0.0,0.0,1.0,1.0,1,DavidoUNAVAILABLE (feat. Musa Keys),96
Davido,UNAVAILABLE (feat. Musa Keys),16,32,126,73,112,18,60409,2,0,14,67638,52727.0,52727.0,52727.0,175.0,1.0,0.0,0.0,1.0,1.0,1,DavidoUNAVAILABLE (feat. Musa Keys),96
Davido,UNAVAILABLE (feat. Musa Keys),17,33,144,73,126,19,58001,2,0,18,67638,93535.0,93535.0,93535.0,62.0,1.0,0.0,0.0,1.0,1.0,1,DavidoUNAVAILABLE (feat. Musa Keys),96
De Mthuda,Sgudi Snyc,4,238,3,3,7,7,338164,1,1,-4,396678,67716.0,67716.0,67716.0,109.0,1.0,0.0,0.0,1.0,1.0,0,De MthudaSgudi Snyc,3
De Mthuda,Sgudi Snyc,5,240,2,2,3,8,389999,1,1,-1,396678,59707.0,59707.0,59707.0,139.0,1.0,0.0,0.0,1.0,1.0,0,De MthudaSgudi Snyc,3
De Mthuda,Sgudi Snyc,6,242,2,2,2,9,391984,1,1,0,396678,101743.0,101743.0,101743.0,52.0,1.0,0.0,0.0,1.0,1.0,0,De MthudaSgudi Snyc,3
De Mthuda,Sgudi Snyc,7,244,2,2,2,10,374941,1,1,0,396678,86950.0,86950.0,86950.0,71.0,1.0,0.0,0.0,1.0,1.0,0,De MthudaSgudi Snyc,3
De Mthuda,Sgudi Snyc,8,246,3,2,2,11,387262,1,1,1,396678,75757.0,75757.0,75757.0,91.0,1.0,0.0,0.0,1.0,1.0,0,De MthudaSgudi Snyc,3
De Mthuda,Sgudi Snyc,9,248,3,2,3,12,396678,1,1,0,396678,79074.0,79074.0,79074.0,85.0,1.0,0.0,0.0,1.0,1.0,0,De MthudaSgudi Snyc,3
De Mthuda,iThuba,1,241,108,108,137,2,56921,1,0,-29,92812,58732.0,375951.0,62658.5,91.0,6.0,44.0,11111.0,1.4835164835164836,1.1891813662058162,1,De MthudaiThuba,108
De Mthuda,iThuba,2,243,93,93,108,3,61155,1,0,-15,92812,478067.0,3302421.0,550403.5,1.0,6.0,0.0,218605.0,1.0,1.4572685418571036,1,De MthudaiThuba,108
De Mthuda,iThuba,3,245,86,86,93,4,67021,1,0,-7,92812,110430.0,777900.0,129650.0,19.0,6.0,25.0,51434.0,2.3157894736842106,1.4657611156388664,1,De MthudaiThuba,108
De Mthuda,iThuba,4,247,81,81,86,5,84358,1,0,-5,92812,82691.0,625908.0,104318.0,26.0,6.0,44.0,54179.0,2.6923076923076925,1.655198268251684,1,De MthudaiThuba,108
De Mthuda,iThuba,5,249,66,66,81,6,92812,1,0,-15,92812,47063.0,248915.0,49783.0,135.0,5.0,61.0,4918.0,1.451851851851852,1.1044982257824618,1,De MthudaiThuba,108
Deejaykgosi,Ngizwile,1,1,79,79,123,2,85367,1,0,-44,100674,69979.0,141115.0,70557.5,103.0,2.0,0.0,1157.0,1.0,1.0165335314880177,1,DeejaykgosiNgizwile,79
Deejaykgosi,Ngizwile,2,2,57,57,79,3,100674,1,0,-22,100674,89598.0,581174.0,96862.33333333333,39.0,6.0,32.0,21278.0,1.8205128205128205,1.2374829795307931,1,DeejaykgosiNgizwile,79
Dj Jaivane,uLala Kanjani (feat. LeeMcKrazy & Skandisoul),1,1,92,92,108,2,76871,3,0,-16,89552,47651.0,103770.0,51885.0,132.0,2.0,29.0,8468.0,1.2196969696969697,1.1777087574237686,1,Dj JaivaneuLala Kanjani (feat. LeeMcKrazy & Skandisoul),92
Dj Jaivane,uLala Kanjani (feat. LeeMcKrazy & Skandisoul),2,2,70,70,92,3,89552,3,0,-22,89552,45002.0,292697.0,48782.833333333336,163.0,6.0,8.0,9415.0,1.049079754601227,1.2092129238700502,1,Dj JaivaneuLala Kanjani (feat. LeeMcKrazy & Skandisoul),92
Dr Dope,Hamba Wena,1,1,82,82,182,2,67508,1,0,-100,114221,48718.0,259178.0,51835.6,124.0,5.0,60.0,10534.0,1.4838709677419355,1.2162239829221233,1,Dr DopeHamba Wena,82
Dr Dope,Hamba Wena,2,2,76,76,82,3,69281,1,0,-6,114221,47905.0,47905.0,47905.0,160.0,1.0,0.0,0.0,1.0,1.0,1,Dr DopeHamba Wena,82
Dr Dope,Hamba Wena,3,3,55,55,76,4,85317,1,0,-21,114221,48455.0,48455.0,48455.0,153.0,1.0,0.0,0.0,1.0,1.0,1,Dr DopeHamba Wena,82
Dr Dope,Hamba Wena,4,4,63,55,55,5,98158,1,0,8,114221,111272.0,793847.0,132307.83333333334,17.0,6.0,26.0,58613.0,2.5294117647058822,1.5267542598317636,1,Dr DopeHamba Wena,82
