main_artist,max_rank,min_rank,num_songs,num_dates,IsGirlGroup,IsBoyGroup,IsMixedGroup,Longest_Charting_TimeDays,Shortest_Charting_TimeDays,MinEndDate_Year,MinEndDate_Month,MinEndDate_Day,MaxEndDate_Year,MaxEndDate_Month,MaxEndDate_Day,first_artist_rank
$,183,5,15,22,0,0,0,505,330,2024,2,2,2024,8,30,38
$NOT,194,194,1,1,0,0,0,1240,1240,2022,2,10,2022,2,10,194
$uicideboy$,182,182,1,1,0,0,0,1366,1366,2021,10,7,2021,10,7,182
015 MusiQ & Van City MusiQ,185,41,1,16,0,0,0,260,155,2024,1,2,2025,12,31,111
031CHOPPA,168,128,2,2,0,0,0,1030,253,2022,9,8,2024,10,24,128
2 Chainz,197,78,3,9,0,0,0,2570,2304,2018,3,2,2019,8,28,78
21 Savage,200,12,39,117,0,0,0,2668,386,2018,1,1,2024,12,31,57
24kGoldn,198,1,4,106,0,0,0,2087,1170,2019,1,1,2022,12,31,198
25K,179,38,10,6,0,0,0,1457,246,2021,7,1,2024,10,31,38
2Point1,196,1,3,96,0,0,0,918,1,2022,1,1,2025,12,31,38
347aidan,200,90,1,9,0,0,0,1345,1289,2021,10,2,2021,12,28,126
4batz,175,51,1,6,0,0,0,477,442,2024,3,4,2024,4,28,51
5 Seconds of Summer,200,3,9,170,0,1,0,2661,1408,2018,1,1,2021,12,31,185
6LACK,200,11,20,135,0,0,0,2563,596,2018,1,1,2023,12,31,100
6ix9ine,200,2,11,47,0,0,0,2584,1772,2018,1,1,2020,12,31,191
9umba,199,2,2,45,0,0,0,1261,911,2022,1,1,2023,12,31,2
A Boogie Wit da Hoodie,199,36,4,34,0,0,0,2374,1961,2019,1,1,2020,8,31,111
A$AP Ferg,198,64,2,6,0,0,0,2661,1786,2018,3,5,2020,8,29,187
A$AP Rocky,200,11,17,70,0,0,0,2647,232,2018,1,1,2024,12,31,58
A-Reece,200,6,81,31,0,0,0,2444,281,2018,1,1,2024,12,28,162
A.W.O,189,96,1,8,0,0,0,85,36,2025,4,1,2025,5,29,123
AC/DC,177,177,1,1,0,0,0,2661,2661,2018,3,22,2018,3,22,177
ACRAZE,178,26,1,29,0,0,0,1331,1135,2021,1,2,2022,12,31,163
AJ Ghent [ j-ent ],197,197,1,1,0,0,0,400,400,2024,5,30,2024,5,30,197
AJR,196,100,1,4,0,1,0,2661,2640,2018,3,5,2018,4,29,174
AKA,199,1,47,109,0,0,0,2661,568,2018,1,1,2023,12,31,195
ANATII,194,117,3,2,0,0,0,2458,2451,2018,10,11,2018,10,18,194
ATB,188,41,1,51,0,0,0,1604,1240,2021,1,1,2022,12,30,142
AURORA,183,37,1,15,0,0,0,1548,1450,2021,4,1,2021,7,29,183
AVAION,162,105,1,4,0,0,0,1982,1961,2020,1,6,2020,2,30,162
Abidoza,126,112,2,2,0,0,0,1366,1156,2021,5,5,2022,10,7,126
Adele,200,1,22,126,0,0,0,1359,113,2021,1,1,2025,12,31,196
Agust D,148,148,1,1,0,0,0,1863,1863,2020,5,28,2020,5,28,148
Airic,192,103,1,5,0,0,0,64,36,2025,5,1,2025,5,29,167
Alan Walker,194,42,6,62,0,0,0,2661,1947,2018,1,1,2020,12,31,92
Alec Benjamin,200,22,3,76,0,0,0,2570,708,2018,1,1,2023,12,31,184
Alessia Cara,200,103,3,57,0,0,0,2640,1534,2018,1,1,2021,12,30,198
Alesso,200,43,4,35,0,0,0,2493,1408,2018,1,1,2021,12,31,137
Alex Warren,200,7,4,54,0,0,0,491,1,2024,1,1,2025,9,29,125
Alexander 23,188,144,1,6,0,0,0,1863,1828,2020,5,2,2020,7,28,170
Alfa Kat,193,38,1,15,0,0,0,1674,1576,2020,1,3,2021,12,31,74
Ali Gatie,194,25,3,49,0,0,0,2206,1835,2019,1,1,2020,12,31,115
Alicia Keys,200,55,4,87,0,0,0,1779,1,2020,1,1,2025,11,31,128
Ama Grootman,200,123,2,9,0,0,0,442,330,2024,4,1,2024,8,30,123
Amaarae,196,41,2,15,0,0,0,1338,1240,2021,1,2,2022,12,30,187
Amanda Black,189,145,2,1,0,0,0,2073,2073,2019,10,31,2019,10,31,145
Ami Faku,196,73,2,2,0,0,0,2101,1618,2019,1,3,2021,10,28,196
Amin,171,84,1,10,0,0,0,2472,2409,2018,9,1,2018,11,29,171
Amu Classic,158,50,1,8,0,0,0,1401,1352,2021,9,2,2021,10,30,134
Anderson .Paak,169,105,2,4,0,0,0,2458,2269,2018,4,11,2019,11,22,105
Andile Mpisane,174,174,1,1,0,0,0,1464,1464,2021,7,1,2021,7,1,174
Andy Grammer,193,102,1,23,0,0,0,2241,1849,2019,5,3,2020,11,31,146
Andy Williams,151,16,1,11,0,0,0,2388,190,2018,12,17,2024,12,31,147
Anne-Marie,199,23,4,161,0,0,0,2626,1436,2018,1,1,2021,12,31,103
Ant Saunders,178,52,1,14,0,0,0,2059,1968,2019,1,2,2020,12,30,60
Anuel AA,197,197,1,1,0,0,0,2150,2150,2019,8,15,2019,8,15,197
Appel,200,86,7,73,0,0,0,1744,393,2020,1,1,2024,12,31,179
Aqyila,142,14,1,13,0,0,0,505,421,2024,2,2,2024,5,29,26
Arctic Monkeys,200,113,4,27,0,0,0,2605,281,2018,1,1,2024,12,29,113
Ari Lennox,199,114,1,6,0,0,0,2311,2227,2019,3,4,2019,5,30,189
Ariana Grande,200,1,60,217,0,0,0,2626,190,2018,1,1,2024,12,31,12
Arizona Zervas,197,3,2,68,0,0,0,2066,1597,2019,1,1,2021,12,31,31
Armani White,198,75,1,20,0,0,0,1128,946,2022,6,1,2022,12,29,166
Armin van Buuren,190,87,1,7,0,0,0,2500,2458,2018,8,4,2018,10,30,175
ArrDee,190,155,1,4,0,0,0,1471,1450,2021,6,1,2021,7,24,190
Artemas,190,5,2,37,0,0,0,463,176,2024,1,1,2025,12,31,30
Artwork Sounds,200,127,3,12,0,0,0,799,239,2023,4,2,2024,11,29,171
Asanda Mkhize,199,161,1,4,0,0,0,757,442,2023,4,8,2024,8,18,161
Ashe,154,84,1,11,0,0,0,1954,1884,2020,2,2,2020,5,30,154
Ashley O,174,80,1,6,0,0,0,2199,2164,2019,6,1,2019,8,27,174
Ashnikko,197,60,1,18,0,0,0,1737,1618,2020,1,1,2021,12,31,163
Aubrey Qwana,191,105,1,18,0,0,0,1821,1646,2020,7,1,2020,12,31,191
Audiomarc,164,42,1,4,0,0,0,1359,1338,2021,10,4,2021,11,28,42
August Alsina,148,83,1,2,0,0,0,1807,1800,2020,7,23,2020,7,30,83
Ava Max,199,8,5,127,0,0,0,2458,1506,2018,1,1,2021,12,31,166
Avicii,200,7,14,117,0,0,0,2668,169,2018,1,1,2025,12,31,85
Avril Lavigne,188,53,2,22,0,0,0,2472,2311,2018,1,1,2019,12,31,174
Axwell /\ Ingrosso,199,89,2,45,0,0,0,2661,2346,2018,1,1,2019,12,31,106
Aya Msani,143,143,1,1,0,0,0,239,239,2024,11,7,2024,11,7,143
Aymos,200,3,11,128,0,0,0,1485,120,2021,1,1,2025,12,31,49
Ayra Starr,193,7,2,87,0,0,0,1002,309,2022,1,1,2024,12,31,95
Azana,195,99,1,11,0,0,0,1695,1597,2020,1,3,2021,12,31,181
BANNERS,197,158,1,14,0,0,0,1758,1408,2020,8,1,2021,11,29,182
BENEE,167,36,1,24,0,0,0,1940,1779,2020,3,2,2020,8,30,127
BIA,194,33,2,14,0,0,0,1450,1114,2021,4,2,2022,8,29,74
BLACKMYTH,81,63,1,4,0,0,0,22,1,2025,6,3,2025,7,26,71
BLACKPINK,197,30,8,34,1,0,0,2276,988,2019,4,1,2022,11,30,53
BLEU,173,123,2,10,0,0,0,1709,1016,2020,2,1,2022,10,29,170
BLUE TAPE,112,112,1,1,0,0,0,1037,1037,2022,9,1,2022,9,1,112
BRNS,200,95,1,24,0,0,0,1793,1611,2020,1,1,2021,12,29,190
BROCKHAMPTON,178,80,2,10,0,0,0,2136,1947,2019,1,5,2020,8,30,171
BTS,200,3,43,93,0,1,0,2598,750,2018,1,1,2023,12,31,140
Babalwa M,197,5,16,62,0,0,0,428,1,2024,1,1,2025,12,31,48
Baby Keem,199,15,17,62,0,0,0,1520,708,2021,1,1,2023,12,31,36
Baby S.O.N,182,74,1,2,0,0,0,750,743,2023,6,15,2023,6,22,74
Baby Tate,148,148,1,1,0,0,0,883,883,2023,2,2,2023,2,2,148
Bad Bunny,191,19,2,27,0,0,0,2451,1674,2018,1,1,2020,12,31,20
Bad Wolves,184,68,1,4,0,0,0,2668,2640,2018,3,12,2018,4,29,68
Bahubhe,193,193,1,1,0,0,0,358,358,2024,7,11,2024,7,11,193
Bakar,194,194,1,1,0,0,0,435,435,2024,4,25,2024,4,25,194
Balcony Mix Africa,197,37,2,8,0,0,0,1394,904,2021,1,7,2023,10,30,159
Band Aid,197,31,1,7,0,0,0,2388,918,2018,12,20,2022,12,31,197
Bandros,200,4,2,77,0,0,0,533,1,2024,1,1,2025,12,31,197
Barto,199,92,2,63,0,0,0,967,512,2022,1,1,2024,12,31,165
Bas,161,50,2,4,0,0,0,2500,1443,2018,7,6,2021,9,30,50
Bassie,197,2,2,97,0,0,0,673,1,2023,1,1,2025,12,31,104
Bastille,175,175,1,1,0,0,0,2248,2248,2019,5,9,2019,5,9,175
Bayanni,125,117,1,2,0,0,0,897,890,2023,1,19,2023,1,26,117
Bazzi,200,13,8,111,0,0,0,2668,1891,2018,1,1,2020,12,31,18
Bea Miller,199,120,1,5,0,0,0,1765,1737,2020,9,1,2020,10,24,199
Beach Weather,199,118,1,11,0,0,0,1037,967,2022,9,1,2022,11,29,189
Bebe Rexha,199,19,4,98,0,0,0,2668,1716,2018,1,1,2020,12,31,24
Bebe Winans,199,199,1,1,0,0,0,379,379,2024,6,20,2024,6,20,199
Becky Hill,200,143,1,12,0,0,0,1324,1219,2021,1,2,2022,12,27,200
Bella Poarch,172,42,1,12,0,0,0,1506,1429,2021,5,1,2021,8,29,90
Belly,199,132,2,2,0,0,0,1436,1401,2021,7,2,2021,9,29,132
Benny Mayengani,199,71,5,2,0,0,0,610,267,2023,10,2,2024,11,10,123
Benny The Butcher,199,45,1,4,0,0,0,1247,1205,2022,2,3,2022,3,17,45
Benson Boone,200,4,5,96,0,0,0,1338,1,2021,1,1,2025,12,31,181
Bernice West,199,105,3,56,0,0,0,1744,491,2020,1,1,2024,12,31,145
Beyonc,200,2,36,129,0,0,0,2661,232,2018,1,1,2024,12,31,160
Bezza,131,131,1,1,0,0,0,1009,1009,2022,9,29,2022,9,29,131
Big Nuz,189,1,1,38,0,0,0,946,687,2022,1,1,2023,12,30,63
Big Sean,195,41,10,26,0,0,0,2164,1527,2019,1,1,2021,12,29,101
Big Shaq,147,91,1,3,0,0,0,2661,2647,2018,3,5,2018,4,29,91
Big Zulu,200,1,11,139,0,0,0,1674,22,2020,1,1,2025,12,31,38
Biggy,184,6,1,29,0,0,0,2157,1961,2019,1,2,2020,12,31,138
Billie Eilish,200,1,54,376,0,0,0,2626,1,2018,1,1,2025,12,31,132
Bing Crosby,197,70,1,5,0,0,0,2381,918,2018,12,24,2022,12,30,70
Black Coffee,200,8,19,86,0,0,0,2500,1590,2018,1,1,2021,12,31,130
Black Eyed Peas,200,95,3,19,0,0,0,2073,911,2019,1,2,2023,12,31,200
Black Motion,194,73,4,12,0,0,0,2661,372,2018,3,1,2024,10,30,194
Black Sherif,128,25,1,6,0,0,0,1177,1142,2022,4,5,2022,5,28,25
Blacko SA,199,5,1,23,0,0,0,274,120,2024,1,2,2025,12,31,21
Blackstreet,194,171,1,3,0,1,0,2654,2633,2018,3,12,2018,4,29,180
Blanco Brown,198,84,1,9,0,0,0,2199,2143,2019,6,1,2019,8,27,129
Blaq Diamond,196,8,5,104,0,0,0,2122,750,2019,1,1,2023,12,31,192
Blaq Major,195,2,4,44,0,0,0,337,15,2024,1,1,2025,12,31,105
Blaqnick & MasterBlaq,192,56,3,13,0,0,0,1618,876,2021,1,2,2023,9,29,192
Blissbouy,186,73,1,6,0,0,0,92,1,2025,4,3,2025,7,26,73
BlocBoy JB,200,4,2,50,0,0,0,2668,2297,2018,1,1,2019,12,31,6
Blue Ivy,192,6,1,18,0,0,0,2171,1793,2019,7,1,2020,11,31,6
Blueface,185,26,2,15,0,0,0,2339,2241,2019,2,2,2019,5,28,43
Blxckie,199,3,28,66,0,0,0,1506,421,2021,1,1,2024,12,31,26
Blxst,193,106,1,16,0,0,0,1429,1324,2021,8,2,2021,11,30,179
Bobby Helms,198,14,1,16,0,0,0,2395,190,2018,12,10,2024,12,31,167
Bobomfanawepiki,185,44,1,5,0,0,0,29,1,2025,6,3,2025,7,26,185
Boity,142,49,2,3,0,0,0,2493,2332,2018,2,6,2019,9,14,49
Bok Van Blerk,194,157,2,6,0,0,0,2388,1646,2018,1,3,2020,12,31,194
Boney M.,184,180,2,2,0,0,0,2017,918,2019,12,26,2022,12,29,184
Boohle,199,23,4,41,0,0,0,1674,939,2020,1,1,2022,12,31,169
BoyWithUke,193,42,3,28,0,0,0,1345,1149,2021,1,2,2022,12,31,189
Boyz II Men,195,191,1,3,0,1,0,841,603,2023,3,9,2023,11,18,195
Brenda Lee,196,15,1,16,0,0,0,2395,190,2018,12,10,2024,12,31,194
Brendan Peyper,200,90,4,48,0,0,0,939,428,2022,1,2,2024,12,31,186
Brent Faiyaz,200,9,35,123,0,0,0,1968,281,2020,1,1,2024,12,31,166
Brett Eldredge,197,44,1,3,0,0,0,2381,918,2018,12,26,2022,12,29,44
Bring Me The Horizon,194,167,3,3,0,0,0,2500,1828,2018,1,2,2020,8,30,194
Britney Spears,166,103,1,2,0,0,0,2381,2017,2018,12,26,2019,12,27,103
Brotherkupa,186,165,2,1,0,0,0,36,36,2025,5,29,2025,5,29,186
Bruce Springsteen,135,109,1,2,0,0,0,2381,2017,2018,12,26,2019,12,27,109
Bruno Mars,200,4,12,99,0,0,0,2668,134,2018,1,1,2025,12,31,21
Bryan Adams,196,135,1,34,0,0,0,2374,911,2019,1,1,2023,12,31,168
Bryce Vine,181,102,1,7,0,0,0,2500,2458,2018,8,4,2018,10,30,128
Bryson Tiller,199,17,15,190,0,0,0,1758,1,2020,1,1,2025,12,31,199
Bukzin Keyz,198,198,1,1,0,0,0,379,379,2024,6,20,2024,6,20,198
Burl Ives,167,74,2,5,0,0,0,2381,918,2018,12,24,2022,12,30,75
Burna Boy,200,1,34,98,0,0,0,2171,512,2019,1,1,2024,12,31,84
Bushy B,186,103,1,4,0,0,0,113,92,2025,3,3,2025,4,27,103
Busiswa,192,192,1,1,0,0,0,1681,1681,2020,11,26,2020,11,26,192
Busta 929,200,1,16,107,0,0,0,1632,631,2021,1,1,2023,12,31,59
Busta Rhymes,147,147,1,1,0,0,0,1702,1702,2020,11,5,2020,11,5,147
CIZA,3,1,1,12,0,0,0,78,1,2025,4,1,2025,7,29,2
CJ,193,7,1,38,0,0,0,1702,1443,2020,1,1,2021,12,31,193
CKay,191,14,3,41,0,0,0,1387,1107,2021,1,2,2022,12,31,64
CORPSE,199,170,2,7,0,0,0,1702,1394,2020,1,5,2021,12,17,180
Caiiro,200,3,4,41,0,0,0,281,1,2024,1,1,2025,12,31,200
Caltonic SA,158,158,1,1,0,0,0,1310,1310,2021,12,2,2021,12,2,158
Calum Scott,200,64,2,30,0,0,0,2661,1576,2018,3,3,2021,12,31,152
Calvin Harris,198,5,5,77,0,0,0,2640,1121,2018,1,1,2022,12,31,27
CamelPhat,192,192,1,1,0,0,0,2661,2661,2018,3,22,2018,3,22,192
Camidoh,185,185,1,1,0,0,0,1002,1002,2022,10,6,2022,10,6,185
Camila Cabello,200,14,15,147,0,0,0,2668,974,2018,1,1,2022,12,31,20
Campmasters,198,104,1,8,0,0,0,183,57,2025,1,1,2025,5,30,162
Cardi B,198,1,22,133,0,0,0,2661,1,2018,1,1,2025,12,31,140
Carolina Gaitn - La Gaita,171,44,1,15,0,0,0,1268,1170,2022,1,3,2022,4,31,132
Cash Cash,191,136,1,5,0,0,0,2514,2486,2018,8,6,2018,9,30,191
Cashmere Cat,196,70,1,5,0,0,0,2668,2640,2018,3,5,2018,4,29,70
Cassper Nyovest,197,1,41,82,0,0,0,2654,1,2018,1,1,2025,12,30,70
Casswell P,193,6,3,42,0,0,0,778,106,2023,1,1,2025,12,31,154
Cat Burns,173,162,1,3,0,0,0,1219,1156,2022,3,3,2022,5,28,166
Ceeka RSA,177,52,1,7,0,0,0,568,526,2023,1,4,2024,12,28,177
Central Cee,197,6,9,69,0,0,0,1072,141,2022,1,1,2025,12,30,21
Ch'cco,173,4,4,56,0,0,0,1324,505,2021,1,1,2024,12,31,5
Chance the Rapper,193,54,6,5,0,0,0,2535,2157,2018,5,1,2019,8,26,179
Chappell Roan,200,77,2,33,0,0,0,372,127,2024,1,1,2025,12,31,123
Charli XCX,178,150,1,4,0,0,0,2444,2423,2018,10,1,2018,11,25,163
Charli xcx,177,66,1,5,0,0,0,330,302,2024,8,5,2024,9,29,66
Charlie Puth,199,37,7,54,0,0,0,2661,953,2018,1,1,2022,11,31,166
Chase Atlantic,193,159,1,3,0,0,0,1247,1226,2022,2,3,2022,2,24,193
Cheat Codes,200,66,1,17,0,0,0,2549,2416,2018,7,1,2018,11,30,127
Chella,175,17,1,13,0,0,0,85,1,2025,4,1,2025,7,29,75
Chike,184,25,1,18,0,0,0,491,372,2024,2,2,2024,6,30,173
Childish Gambino,200,1,4,24,0,0,0,2661,1856,2018,3,2,2020,10,31,190
Chle,181,48,3,13,0,0,0,1387,841,2021,3,2,2023,11,30,53
Chloe x Halle,185,79,2,12,0,0,0,1842,1765,2020,6,2,2020,9,30,79
Chris Brown,200,2,48,317,0,0,0,2367,1,2019,1,1,2025,12,31,48
Chris Rea,172,59,2,6,0,0,0,2381,554,2018,12,24,2023,12,30,76
Chris Steyn,196,118,2,22,0,0,0,575,162,2023,1,1,2025,12,28,178
Christina Aguilera,189,189,1,1,0,0,0,2381,2381,2018,12,27,2018,12,27,189
Chrystal,196,153,1,4,0,0,0,169,148,2025,1,6,2025,2,30,196
ChubbyCheeks,194,111,1,14,0,0,0,722,596,2023,7,2,2023,11,31,123
Chuck Berry,199,152,1,3,0,0,0,2381,1282,2018,12,26,2021,12,30,177
Cian Ducrot,195,195,1,1,0,0,0,904,904,2023,1,12,2023,1,12,195
Ciara,184,37,2,27,0,0,0,2535,575,2018,7,2,2023,12,31,122
Cici,174,8,2,7,0,0,0,43,1,2025,5,3,2025,7,29,14
Clairo,185,123,1,4,0,0,0,1702,1681,2020,11,5,2020,11,26,185
Classic Man SmF,35,32,1,2,0,0,0,1009,1002,2022,9,6,2022,10,29,35
Clean Bandit,200,6,4,63,0,0,0,2668,1709,2018,1,1,2020,12,31,33
Cline Dion,195,195,1,1,0,0,0,2017,2017,2019,12,26,2019,12,26,195
Clinton Kane,164,88,1,12,0,0,0,1408,1331,2021,8,2,2021,11,30,88
Cochise,196,72,1,17,0,0,0,1492,1366,2021,6,1,2021,10,29,99
Coi Leray,192,61,2,17,0,0,0,1198,792,2022,1,2,2023,5,31,64
Coldplay,195,31,6,49,0,0,0,2381,316,2018,1,2,2024,12,31,118
Combo M,198,175,1,3,0,0,0,680,666,2023,8,7,2023,9,31,198
Conan Gray,200,36,2,43,0,0,0,2003,1562,2020,1,1,2021,12,31,158
Coolio,181,81,1,8,0,0,0,2668,995,2018,3,5,2022,10,29,81
Coolkiid Da Vocalist,190,125,1,8,0,0,0,1093,1009,2022,7,1,2022,9,29,190
Cordae,175,114,3,4,0,0,0,2164,876,2019,2,1,2023,9,9,114
Costa Titch,187,99,2,9,0,0,0,1723,841,2020,2,3,2023,10,24,99
CowBoii,179,4,2,33,0,0,0,337,36,2024,1,1,2025,12,31,26
Curtis Waters,190,101,1,16,0,0,0,1828,1723,2020,7,1,2020,10,30,181
Cyfred,192,7,3,43,0,0,0,1485,64,2021,1,1,2025,12,31,62
DBN Gogo,199,3,8,112,0,0,0,1709,253,2020,1,1,2024,12,31,199
DDG,184,126,1,12,0,0,0,1709,1597,2020,1,3,2021,12,29,162
DJ Big Sky,189,24,2,12,0,0,0,2045,1646,2019,1,2,2020,12,31,141
DJ Cleo,196,112,2,7,0,0,0,1583,547,2021,1,4,2024,4,29,117
DJ Dadaman,155,106,1,12,0,0,0,260,183,2024,1,2,2025,12,31,155
DJ Durel,182,182,1,1,0,0,0,2528,2528,2018,8,2,2018,8,2,182
DJ Ganyani,194,139,1,9,0,0,0,2591,2493,2018,5,2,2018,9,31,190
DJ Hlo,161,161,1,1,0,0,0,1233,1233,2022,2,17,2022,2,17,161
DJ Jaivane,200,153,1,7,0,0,0,1604,638,2021,2,1,2023,10,25,185
DJ Janisto,193,55,1,38,0,0,0,260,1,2024,1,1,2025,12,31,193
DJ KSB,199,22,2,15,0,0,0,414,302,2024,5,1,2024,9,30,51
DJ Kent,200,17,2,61,0,0,0,645,183,2023,1,1,2025,12,30,112
DJ Khaled,198,1,43,135,0,0,0,2668,372,2018,1,1,2024,12,31,37
DJ Lag,165,13,1,23,0,0,0,519,365,2024,2,1,2024,7,30,112
DJ Maphorisa,200,1,22,225,0,0,0,2647,1,2018,1,1,2025,12,31,195
DJ Ngwazi,179,35,1,26,0,0,0,1289,1114,2021,1,2,2022,12,31,138
DJ Snake,200,5,5,53,0,0,0,2465,1576,2018,1,1,2021,12,31,23
DJ Stokie,194,1,11,143,0,0,0,1660,1,2020,1,1,2025,12,31,140
DJ Sumbody,199,14,3,38,0,0,0,2472,1338,2018,1,1,2021,12,31,190
DJ Tarico,199,84,2,10,0,0,0,1618,1457,2021,1,1,2021,7,28,199
DJ Tira,189,70,3,21,0,0,0,2045,36,2019,1,1,2025,12,29,185
DJ Tshegu,193,11,2,44,0,0,0,610,295,2023,1,1,2024,12,30,11
DJ Zinhle,200,20,2,31,0,0,0,2136,1926,2019,1,2,2020,12,31,68
DMX,170,149,2,3,0,0,0,2661,1541,2018,3,15,2021,4,29,151
Da Gifto,197,57,2,43,0,0,0,568,57,2023,1,1,2025,12,30,134
Da Les,176,176,1,1,0,0,0,1688,1688,2020,11,19,2020,11,19,176
Da Mabusa,199,78,2,16,0,0,0,330,1,2024,6,3,2025,10,29,188
DaBaby,199,1,16,132,0,0,0,2248,1303,2019,1,1,2021,12,31,176
Daddy Yankee,193,84,1,9,0,0,0,2318,2199,2019,2,4,2019,6,28,111
Daliwonga,199,1,4,78,0,0,0,1198,358,2022,1,1,2024,12,31,3
Dan + Shay,200,16,1,58,0,0,0,2094,1534,2019,1,1,2021,12,31,16
DaniLeigh,194,127,1,11,0,0,0,2206,1716,2019,6,1,2020,10,29,127
Daniel Caesar,200,75,11,282,0,0,0,2661,8,2018,1,1,2025,12,31,155
Danya Devs,129,60,1,6,0,0,0,36,1,2025,5,3,2025,7,29,102
Darlene Love,180,68,1,2,0,0,0,2381,2017,2018,12,26,2019,12,27,180
Daryl Hall & John Oates,199,62,2,10,0,0,0,2647,2017,2018,4,5,2019,12,31,190
Dasha,185,58,2,42,0,0,0,477,183,2024,1,1,2025,12,31,154
Dave,197,4,11,102,0,0,0,1450,344,2021,1,1,2024,12,31,97
David Guetta,200,8,12,164,0,0,0,2668,162,2018,1,1,2025,12,31,14
David Kushner,200,18,2,58,0,0,0,806,358,2023,1,1,2024,12,31,21
David Scott,187,187,1,1,0,0,0,2136,2136,2019,8,29,2019,8,29,187
Davido,200,73,3,40,0,0,0,2164,659,2019,1,1,2023,12,31,75
Dax,114,114,1,1,0,0,0,1359,1359,2021,10,14,2021,10,14,114
Daya,175,150,1,3,0,0,0,2283,2269,2019,4,4,2019,4,18,162
De Mthuda,198,2,17,172,0,0,0,2234,1,2019,1,1,2025,12,31,110
Dean Lewis,200,10,3,173,0,0,0,2535,883,2018,1,1,2023,12,31,114
Dean Martin,182,35,3,8,0,0,0,2381,190,2018,12,24,2024,12,31,35
Dee Koala,196,196,1,1,0,0,0,764,764,2023,6,1,2023,6,1,196
Dee-Jay,111,111,1,1,0,0,0,2500,2500,2018,8,30,2018,8,30,111
Deejay Zebra SA,146,146,1,1,0,0,0,183,183,2025,1,2,2025,1,2,146
Deejaykgosi,167,23,2,37,0,0,0,708,183,2023,1,1,2025,12,31,123
Deep London,199,5,2,42,0,0,0,1037,743,2022,1,1,2023,12,30,65
Demi Lee Moore,196,78,2,13,0,0,0,1317,498,2021,1,1,2024,12,28,152
Demi Lovato,200,65,6,41,0,0,0,2661,1534,2018,1,2,2021,10,31,88
Dench,121,121,1,1,0,0,0,358,358,2024,7,11,2024,7,11,121
Dennis Lloyd,194,16,2,50,0,0,0,2661,2262,2018,1,1,2019,12,31,61
Dermot Kennedy,153,138,1,5,0,0,0,2094,2066,2019,10,7,2019,11,31,143
Desiigner,193,120,1,3,0,0,0,2661,2647,2018,3,5,2018,4,29,120
Die Heuwels Fantasties,195,157,2,4,0,0,0,1352,918,2021,10,15,2022,12,29,157
Die Piesangskille,190,55,1,39,0,0,0,680,183,2023,1,1,2025,12,31,115
Dinho,193,57,1,19,0,0,0,386,246,2024,6,1,2024,10,31,152
Dinky Kunene,190,190,1,1,0,0,0,1079,1079,2022,7,21,2022,7,21,190
Diplo,200,53,3,27,0,0,0,2598,1849,2018,2,2,2020,11,31,101
Distruction Boyz,179,156,3,4,0,0,0,2661,2437,2018,3,1,2018,11,29,156
Dixie,169,92,1,5,0,0,0,1821,1793,2020,7,6,2020,8,30,92
Dj Abux,121,24,1,11,0,0,0,1394,1324,2021,9,4,2021,11,30,40
Dj Boat,190,150,2,1,0,0,0,1142,1142,2022,5,19,2022,5,19,150
Dj Coach,166,119,1,3,0,0,0,792,778,2023,5,4,2023,5,18,153
Dj Jaivane,168,17,2,35,0,0,0,708,470,2023,1,1,2024,12,31,108
Dj Karri,197,11,3,25,0,0,0,1268,183,2022,1,1,2025,12,31,28
Dj Melzi,196,87,6,12,0,0,0,1499,757,2021,5,3,2023,10,29,124
Dj Moscow,124,19,1,35,0,0,0,239,1,2024,1,1,2025,12,30,124
Dj Obza,199,10,4,30,0,0,0,1618,1219,2021,1,1,2022,8,29,113
Dj Sunco,199,192,1,2,0,0,0,2017,2010,2019,1,2,2020,12,26,199
Djo,197,24,1,26,0,0,0,491,309,2024,2,1,2024,8,30,78
Djy Zan SA,198,82,1,6,0,0,0,1450,1415,2021,7,5,2021,8,29,190
Dladla Mshunqisi,190,138,2,8,0,0,0,2584,1408,2018,6,2,2021,8,26,175
Dlala Regal,195,106,3,11,0,0,0,1429,1037,2021,1,1,2022,12,30,195
Dlala Thukzin,194,1,14,121,0,0,0,1436,1,2021,1,1,2025,12,31,76
Dodo Nyoka,196,86,2,31,0,0,0,967,470,2022,1,1,2024,12,29,112
Doechii,195,31,2,13,0,0,0,148,64,2025,2,1,2025,5,27,142
Doja Cat,199,3,25,193,0,0,0,2143,407,2019,1,1,2024,12,31,189
Dominic Fike,197,35,2,91,0,0,0,2360,1212,2019,1,1,2022,12,31,181
Don Toliver,200,28,22,89,0,0,0,2038,141,2019,1,1,2025,12,30,155
DoouShii,173,5,1,32,0,0,0,323,99,2024,1,2,2025,12,31,88
Dove Cameron,196,35,2,20,0,0,0,1233,869,2022,2,2,2023,6,31,36
Dr Dope,182,40,1,23,0,0,0,729,575,2023,7,2,2023,12,31,182
Dr. Dre,192,78,2,19,0,0,0,2668,1191,2018,2,3,2022,5,31,78
Drake,200,1,160,378,0,0,0,2668,1,2018,1,1,2025,12,31,1
Dreamville,190,22,19,9,0,0,0,2206,1184,2019,4,1,2022,8,27,63
Drip Gogo,114,114,1,1,0,0,0,1310,1310,2021,12,2,2021,12,2,114
DripReport,168,28,1,15,0,0,0,1933,1835,2020,3,2,2020,6,30,31
Drizzy Sam Rsa,192,38,1,16,0,0,0,1198,1093,2022,3,2,2022,7,31,101
Droomsindroom,199,102,1,6,0,0,0,1142,897,2022,1,2,2023,6,26,102
Dua Lipa,200,4,14,224,0,0,0,2668,498,2018,1,1,2024,12,31,48
Duncan Daniels,41,41,1,1,0,0,0,820,820,2023,4,6,2023,4,6,41
Duncan Laurence,155,48,1,27,0,0,0,1590,1408,2021,2,1,2021,8,29,132
Dynoro,194,4,1,77,0,0,0,2549,1996,2018,1,1,2020,12,31,190
Dzo 729,169,7,1,31,0,0,0,1485,1275,2021,1,1,2022,12,30,169
ESK MUSIQ,183,34,1,14,0,0,0,967,876,2022,1,1,2023,12,29,123
Eagles,200,196,2,2,0,0,0,2374,918,2019,1,3,2022,12,29,200
Early B,198,72,2,15,0,0,0,2297,610,2019,1,1,2023,11,29,180
Earth,190,147,1,5,0,0,0,2661,2633,2018,3,5,2018,4,29,178
Ed Sheeran,200,1,48,291,0,0,0,2668,99,2018,1,1,2025,12,31,40
Eduardo XD,65,65,1,1,0,0,0,1457,1457,2021,7,8,2021,7,8,65
Elaine,199,12,8,167,0,0,0,2094,1,2019,1,1,2025,12,31,182
Elandr,199,111,1,51,0,0,0,2262,1646,2019,1,1,2020,12,31,172
Elevation Worship,200,73,6,34,0,0,0,1884,113,2020,2,1,2025,9,29,127
Eliza Rose,178,160,1,4,0,0,0,1016,995,2022,9,6,2022,10,29,160
Ella Fitzgerald,194,194,1,1,0,0,0,2381,2381,2018,12,27,2018,12,27,194
Ella Mai,200,24,8,58,0,0,0,2584,449,2018,1,1,2024,12,31,145
Elley Duh,175,32,1,38,0,0,0,1247,988,2022,2,1,2022,10,31,175
Ellie Goulding,195,10,3,90,0,0,0,2437,1814,2018,1,1,2020,12,31,82
Eloff,198,49,4,86,0,0,0,1303,183,2021,1,1,2025,12,31,144
Elton John,191,8,3,91,0,0,0,2381,547,2018,1,1,2024,12,31,154
Elvirgo,174,32,2,15,0,0,0,757,645,2023,6,3,2023,9,31,84
Elvis Presley,174,116,1,2,0,0,0,2381,2017,2018,12,26,2019,12,27,174
ElyOtto,183,153,1,5,0,0,0,1576,1541,2021,3,8,2021,4,25,171
Em Beihold,167,84,1,11,0,0,0,1240,1163,2022,2,3,2022,4,31,167
Eminem,198,1,56,245,0,0,0,2668,113,2018,1,1,2025,12,31,17
Emmy Meli,192,163,1,6,0,0,0,1303,1261,2021,1,6,2022,12,23,163
Emotionz DJ,180,62,2,3,0,0,0,1408,1380,2021,8,2,2021,9,26,62
Emtee,198,24,25,10,0,0,0,1611,204,2021,2,4,2024,12,29,106
Enny Man Da Guitar,158,148,1,2,0,0,0,190,183,2024,1,2,2025,12,26,158
Erica Banks,196,196,1,1,0,0,0,1625,1625,2021,1,21,2021,1,21,196
Eternal Glory Worship,177,177,1,1,0,0,0,71,71,2025,4,24,2025,4,24,177
Eurythmics,194,135,1,10,0,0,0,2661,2507,2018,3,2,2018,8,29,184
FATMAN,195,167,1,4,0,0,0,1548,1275,2021,1,6,2022,12,30,195
FIFTY FIFTY,191,61,1,14,1,0,0,806,715,2023,4,1,2023,7,29,145
FLETCHER,195,133,1,4,0,0,0,2297,2276,2019,3,4,2019,4,28,156
Fabolous,199,97,1,125,0,0,0,1968,582,2020,1,1,2023,12,31,195
Falabo,198,130,3,9,0,0,0,232,22,2024,1,5,2025,12,28,130
Falz,200,200,1,1,0,0,0,1527,1527,2021,4,29,2021,4,29,200
Famous Dex,199,38,2,17,0,0,0,2661,2549,2018,3,3,2018,7,31,79
Fantasia,199,26,1,269,0,0,0,1947,1,2020,1,1,2025,12,31,179
Farruko,184,120,1,5,0,0,0,1275,1247,2022,1,3,2022,2,27,120
Felix Jaehn,187,187,1,1,0,0,0,2598,2598,2018,5,24,2018,5,24,187
FelixThe1st,192,67,1,9,0,0,0,1324,1268,2021,1,2,2022,12,30,150
Felo Le Tee,194,1,10,158,0,0,0,1499,64,2021,1,1,2025,12,31,62
Fezeka Dlamini,190,12,1,37,0,0,0,680,421,2023,1,1,2024,12,31,12
Fifth Harmony,199,161,1,6,1,0,0,2437,2402,2018,11,1,2018,12,29,199
Fireboy DML,200,62,2,64,0,0,0,1282,806,2021,1,1,2023,12,31,104
Fivio Foreign,199,52,1,8,0,0,0,1233,1177,2022,2,3,2022,4,24,52
Flash Cortez,112,112,1,1,0,0,0,610,610,2023,11,2,2023,11,2,112
Fleetwood Mac,200,46,1,20,0,0,0,1730,1597,2020,1,3,2021,12,31,143
Flipp Dinero,197,69,1,23,0,0,0,2486,2304,2018,1,1,2019,12,31,197
Flo Milli,199,26,1,27,0,0,0,540,358,2024,1,1,2024,7,30,142
Florence + The Machine,195,128,2,3,0,0,0,2633,2556,2018,4,5,2018,7,19,128
Focalistic,195,7,20,130,0,0,0,1933,190,2020,1,1,2024,12,31,192
Fort Minor,190,44,1,7,0,0,0,2668,2619,2018,3,3,2018,5,29,44
Foster The People,159,154,1,3,0,0,0,2654,2640,2018,3,5,2018,4,29,156
Foushe,149,51,1,13,0,0,0,1716,1632,2020,1,3,2021,12,31,90
Francois van Coke,200,97,2,7,0,0,0,2129,2066,2019,9,5,2019,11,31,108
Frank Casino,200,200,1,1,0,0,0,2423,2423,2018,11,15,2018,11,15,200
Frank Ocean,200,58,6,155,0,0,0,2080,1,2019,1,1,2025,12,31,166
Frank Sinatra,191,40,2,6,0,0,0,2381,918,2018,12,24,2022,12,31,59
Freddie Dredd,197,89,1,7,0,0,0,960,904,2022,1,1,2023,12,24,103
French Montana,199,36,4,89,0,0,0,2661,148,2018,1,1,2025,12,31,141
Frenzyoffixial,197,105,1,7,0,0,0,1184,1002,2022,4,6,2022,10,29,109
Fridayy,192,70,1,71,0,0,0,533,1,2024,1,1,2025,12,31,189
Future,200,1,62,273,0,0,0,2668,1,2018,1,1,2025,12,31,61
G Herbo,174,174,1,1,0,0,0,1891,1891,2020,4,30,2020,4,30,174
G-Eazy,199,45,10,29,0,0,0,2668,1597,2018,2,3,2021,10,31,45
G-Jealous,148,122,1,2,0,0,0,309,302,2024,8,5,2024,9,29,122
GASHI,182,182,1,1,0,0,0,2479,2479,2018,9,20,2018,9,20,182
GAYLE,189,17,1,33,0,0,0,1324,1100,2021,1,2,2022,12,31,88
GIVON,196,70,3,11,0,0,0,148,43,2025,2,3,2025,5,27,169
Gaba Cannal,200,12,5,48,0,0,0,1499,645,2021,1,1,2023,12,30,200
Gabry Ponte,196,83,1,26,0,0,0,1345,1170,2021,1,2,2022,12,31,180
Galantis,199,66,2,68,0,0,0,2339,1205,2019,1,1,2022,12,30,131
Gaullin,165,78,1,11,0,0,0,2283,2213,2019,4,2,2019,6,30,159
Geato,149,107,1,3,0,0,0,1450,1436,2021,7,15,2021,7,29,107
Gee Six Five,200,200,1,1,0,0,0,1681,1681,2020,11,26,2020,11,26,200
Gemini Major,153,153,1,1,0,0,0,2206,2206,2019,6,20,2019,6,20,153
George Ezra,198,8,4,87,0,0,0,2633,862,2018,1,1,2023,12,31,198
Gesaffelstein,180,25,1,6,0,0,0,2360,2325,2019,1,7,2019,2,31,25
Ggoldie,186,27,1,15,0,0,0,554,456,2023,1,1,2024,12,29,186
Gigi Perez,199,42,1,41,0,0,0,295,8,2024,1,1,2025,12,31,171
Giveon,200,3,23,189,0,0,0,1842,155,2020,1,1,2025,12,31,192
Glass Animals,193,5,1,153,0,0,0,1639,540,2021,1,1,2024,12,31,137
Glenn Jones,195,81,1,118,0,0,0,995,1,2022,1,1,2025,12,31,165
GloRilla,200,88,3,24,0,0,0,995,162,2022,1,1,2025,12,28,191
Gnarls Barkley,184,184,1,1,0,0,0,2486,2486,2018,9,13,2018,9,13,184
Gobi Beast,185,185,1,1,0,0,0,1373,1373,2021,9,30,2021,9,30,185
GoldFish,194,35,3,27,0,0,0,2654,2087,2018,3,1,2019,11,31,102
Goldmax,200,88,1,30,0,0,0,477,183,2024,1,1,2025,10,30,172
Good Neighbours,198,122,1,9,0,0,0,512,442,2024,2,7,2024,4,29,153
Goon Flavour,185,19,2,16,0,0,0,106,1,2025,3,1,2025,7,29,89
Goya Menor,172,18,2,16,0,0,0,1296,1163,2021,1,3,2022,12,31,172
Gracie Abrams,195,34,1,31,0,0,0,246,36,2024,1,1,2025,12,31,164
Gryffin,198,84,1,8,0,0,0,2514,2465,2018,8,4,2018,10,30,162
Gucci Mane,188,25,2,36,0,0,0,2479,2220,2018,1,1,2019,12,31,25
Gunna,197,5,54,138,0,0,0,2318,15,2019,1,1,2025,12,31,165
Gwen Stefani,193,149,1,2,0,0,0,2381,1282,2018,12,27,2021,12,30,149
Gyakie,198,197,1,2,0,0,0,1541,1527,2021,4,15,2021,4,29,197
H.E.R.,200,53,6,103,0,0,0,2521,92,2018,1,1,2025,12,30,156
HENNYBELIT,195,71,1,6,0,0,0,1121,1086,2022,6,7,2022,7,30,117
HUNTR/X,170,50,3,1,0,0,0,1,1,2025,7,3,2025,7,3,50
HVME,195,26,1,29,0,0,0,1674,1471,2020,1,1,2021,12,31,113
Hailee Steinfeld,200,47,4,80,0,0,0,2668,2003,2018,1,1,2020,12,31,47
Halle,193,58,2,4,0,0,0,694,470,2023,3,10,2024,8,24,58
Halsey,197,2,6,146,0,0,0,2458,1401,2018,1,1,2021,12,31,9
Hanumankind,200,22,1,11,0,0,0,337,267,2024,8,1,2024,10,29,165
Harry Cane,74,10,2,4,0,0,0,694,603,2023,8,2,2023,11,26,51
Harry Styles,200,1,18,241,0,0,0,2087,344,2019,1,1,2024,12,31,12
Harrycane,181,3,4,75,0,0,0,687,120,2023,1,1,2025,12,31,63
Headie One,144,34,1,6,0,0,0,1807,1772,2020,7,6,2020,8,30,81
Heavy-K,194,118,3,8,0,0,0,2654,8,2018,3,6,2025,9,30,192
Hillsong Worship,200,200,1,1,0,0,0,2640,2640,2018,4,12,2018,4,12,200
Hlengiwe Mhlaba,199,135,1,4,0,0,0,120,78,2025,3,6,2025,4,17,135
Holly Rey,189,160,1,5,0,0,0,2416,2374,2018,1,3,2019,12,29,189
Hozier,199,6,3,78,0,0,0,2563,92,2018,1,1,2025,12,31,180
ILuvJupiter,167,166,2,1,0,0,0,2108,2108,2019,9,26,2019,9,26,167
INNOVATIVE DJz,200,97,1,15,0,0,0,1170,547,2022,1,2,2024,12,30,199
INTERWORLD,187,156,1,2,0,0,0,904,890,2023,1,12,2023,1,26,156
IShowSpeed,149,107,1,3,0,0,0,953,939,2022,11,1,2022,12,24,135
Ice Beats Slide,199,14,2,30,0,0,0,904,694,2023,1,1,2023,8,30,45
Ice Spice,199,19,6,51,0,0,0,1009,281,2022,2,1,2024,11,31,199
Imagine Dragons,200,18,13,220,0,0,0,2668,799,2018,1,1,2023,12,31,34
Imanbek,198,152,1,10,0,0,0,1072,911,2022,1,5,2023,10,29,196
Iniko,182,70,1,13,0,0,0,792,708,2023,5,1,2023,7,29,114
Inkabi Nation,193,110,1,3,0,0,0,15,1,2025,6,3,2025,7,26,126
Inkabi Zezwe,199,1,12,100,0,0,0,827,8,2023,1,1,2025,12,31,1
Inkos'yamagcokama,187,118,2,1,0,0,0,211,211,2024,12,5,2024,12,5,187
Intaba Yase Dubai,197,140,1,11,0,0,0,1534,1429,2021,4,3,2021,8,29,184
Internet Money,199,1,6,88,0,0,0,1779,1170,2020,1,1,2022,12,31,52
Intimate Worshippers,191,142,1,3,0,0,0,120,57,2025,3,6,2025,5,13,142
Irene-Louise Van Wyk,200,65,1,73,0,0,0,1422,890,2021,1,1,2023,12,31,157
Isaiah Rashad,192,79,8,2,0,0,0,1471,1429,2021,6,5,2021,8,24,116
Isitha sama ex,198,192,1,2,0,0,0,561,554,2023,12,21,2023,12,28,198
Issa sisdoh,190,1,2,36,0,0,0,246,1,2024,1,1,2025,12,31,190
Iyanya,130,130,1,1,0,0,0,1324,1324,2021,11,18,2021,11,18,130
J Balvin,197,197,1,1,0,0,0,1786,1786,2020,8,13,2020,8,13,197
J Hus,186,46,1,8,0,0,0,750,701,2023,6,3,2023,8,29,46
J JOHN THE BIG BABY,196,126,1,11,0,0,0,120,1,2025,3,1,2025,7,27,156
J. Cole,200,1,47,329,0,0,0,2661,8,2018,1,1,2025,12,31,133
JACKBOYS,199,51,5,34,0,0,0,2010,1457,2020,1,2,2021,8,30,181
JID,199,55,2,17,0,0,0,1037,505,2022,1,1,2024,12,30,86
JIN,105,105,1,1,0,0,0,974,974,2022,11,3,2022,11,3,105
JP Cooper,189,57,1,15,0,0,0,1114,1016,2022,6,1,2022,9,30,126
JP Saxe,197,37,1,112,0,0,0,2059,1205,2019,1,1,2022,12,31,110
JVKE,195,58,1,43,0,0,0,1016,715,2022,1,1,2023,12,30,183
Jack Harlow,200,2,24,140,0,0,0,1968,386,2020,1,1,2024,12,31,135
Jacquees,158,158,1,1,0,0,0,1800,1800,2020,7,30,2020,7,30,158
Jaden,197,47,10,14,0,0,0,2563,1765,2018,6,2,2020,11,29,47
Jain,174,129,1,5,0,0,0,750,722,2023,6,6,2023,7,29,165
Jake Paul,135,135,1,1,0,0,0,1793,1793,2020,8,6,2020,8,6,135
James Arthur,200,64,5,333,0,0,0,2661,218,2018,1,1,2024,12,31,154
James Bay,184,127,2,2,0,0,0,2318,2241,2019,2,16,2019,5,28,170
James Blake,144,62,1,3,0,0,0,2353,2339,2019,1,7,2019,2,31,62
James Hype,198,163,1,6,0,0,0,1030,904,2022,1,5,2023,9,29,194
James Johnston,171,44,1,4,0,0,0,246,225,2024,10,7,2024,11,31,44
Jamie Fine,200,73,1,32,0,0,0,827,603,2023,3,1,2023,11,31,96
Janesh,198,14,4,33,0,0,0,274,1,2024,1,1,2025,12,31,91
Jason Derulo,194,26,6,87,0,0,0,2563,1135,2018,1,1,2022,12,31,168
Jason Isbell and the 400 Unit,165,165,1,1,0,0,0,2661,2661,2018,3,22,2018,3,22,165
Jason Mraz,195,79,1,66,0,0,0,2661,2164,2018,1,1,2019,12,31,168
Jawsh 685,161,3,2,56,0,0,0,1842,1457,2020,1,1,2021,12,31,111
Jax Jones,192,46,3,14,0,0,0,2668,2171,2018,3,3,2019,7,30,66
Jay,196,169,1,3,0,0,0,1324,1275,2021,1,6,2022,11,25,169
Jay Electronica,182,182,1,1,0,0,0,1933,1933,2020,3,19,2020,3,19,182
Jay Music,169,33,1,14,0,0,0,1058,967,2022,8,1,2022,11,29,169
Jay Rock,191,24,3,16,0,0,0,2668,2563,2018,3,3,2018,6,31,26
JayO,198,83,1,4,0,0,0,848,820,2023,3,6,2023,4,23,83
Jaymes Young,192,42,1,27,0,0,0,1303,1121,2021,1,2,2022,12,31,66
Jayy Scott,176,127,1,6,0,0,0,372,337,2024,6,1,2024,8,27,176
Jaziel Brothers,199,115,1,19,0,0,0,414,225,2024,5,1,2024,11,29,172
JazziDisciples,193,112,2,15,0,0,0,2066,1926,2019,1,2,2020,12,30,190
Jazzworx,9,1,3,10,0,0,0,64,1,2025,5,1,2025,7,29,9
Jeremy Loops,196,32,12,15,0,0,0,2668,1863,2018,3,3,2020,6,31,62
Jeremy Zucker,198,198,1,1,0,0,0,2339,2339,2019,2,7,2019,2,7,198
Jess Glynne,200,35,2,51,0,0,0,2612,2031,2018,1,1,2019,12,31,162
Jessica Darrow,165,156,1,3,0,0,0,1254,1240,2022,1,3,2022,2,27,165
Jessie J,193,193,1,1,0,0,0,2514,2514,2018,8,16,2018,8,16,193
Jessie Reyez,154,154,1,1,0,0,0,2269,2269,2019,4,18,2019,4,18,154
Jhen Aiko,198,21,22,24,0,0,0,2241,589,2019,1,2,2023,11,30,93
Jimin,192,101,3,11,0,0,0,834,260,2023,3,1,2024,10,30,107
Jimmy Maradona,154,8,1,28,0,0,0,715,526,2023,1,2,2024,12,31,26
Jnr Choi,188,76,1,12,0,0,0,1275,1184,2022,1,3,2022,4,31,188
Jobe London,187,23,1,28,0,0,0,2157,1968,2019,1,2,2020,12,31,160
Joe,200,64,1,31,0,0,0,526,155,2024,1,1,2025,11,30,179
Joeboy,175,175,1,1,0,0,0,1345,1345,2021,10,28,2021,10,28,175
Joel Corry,200,5,3,96,0,0,0,1807,1142,2020,1,1,2022,12,31,200
Joey Bada$$,197,190,2,2,0,0,0,1807,1072,2020,7,23,2022,7,28,197
Joey Fatts,149,149,1,1,0,0,0,1513,1513,2021,5,13,2021,5,13,149
John Legend,200,92,4,170,0,0,0,2640,99,2018,1,1,2025,12,31,196
John Lennon,185,41,1,6,0,0,0,2381,554,2018,12,24,2023,12,30,41
John Mayer,178,95,1,8,0,0,0,2591,2542,2018,5,5,2018,7,31,119
Johnny Clegg & Juluka,125,125,1,1,0,0,0,610,610,2023,11,2,2023,11,2,125
Johnny Clegg & Savuka,195,195,1,1,0,0,0,2178,2178,2019,7,18,2019,7,18,195
Joji,194,9,11,39,0,0,0,2605,939,2018,2,1,2022,12,30,187
Jon Bellion,199,185,1,6,0,0,0,2423,2367,2018,1,10,2019,12,29,193
Jonas Blue,199,4,3,89,0,0,0,2591,1968,2018,1,1,2020,12,31,180
Jonas Brothers,200,5,6,105,0,1,0,2311,1576,2019,1,1,2021,12,31,7
Jordan Adetunji,195,6,2,33,0,0,0,386,162,2024,1,1,2025,12,31,87
Jordin Sparks,199,139,1,9,0,0,0,197,1,2024,4,1,2025,12,29,168
Jorja Smith,197,25,11,23,0,0,0,2577,99,2018,3,2,2025,11,31,97
Jos Feliciano,168,44,1,8,0,0,0,2381,190,2018,12,24,2024,12,31,86
Josh Levi,180,126,1,6,0,0,0,561,519,2023,1,1,2024,12,25,126
Josiah De Disciple,199,53,5,11,0,0,0,1520,848,2021,2,2,2023,8,29,159
Journey,200,73,2,224,0,0,0,2661,176,2018,1,1,2025,12,31,128
Joyner Lucas,192,38,7,31,0,0,0,2444,1345,2018,4,1,2021,11,30,126
Joyous Celebration,200,107,2,43,0,0,0,862,71,2023,1,1,2025,11,31,182
Juanita du Plessis,187,173,1,2,0,0,0,666,547,2023,1,4,2024,9,7,187
Jub Jub,194,8,1,7,0,0,0,1702,1660,2020,11,3,2020,12,26,194
Juice WRLD,200,2,54,249,0,0,0,2605,176,2018,1,1,2025,12,31,173
Julia Michaels,194,36,5,27,0,0,0,2668,2297,2018,1,3,2019,7,31,36
Juluka,193,140,1,2,0,0,0,2178,2066,2019,7,7,2019,11,18,140
Jung Kook,179,11,5,23,0,0,0,1233,589,2022,2,1,2023,12,31,123
Junior De Rocka,200,20,2,23,0,0,0,1604,1380,2021,2,1,2021,9,29,67
Justin Bieber,200,1,32,224,0,0,0,2500,190,2018,1,1,2024,12,31,180
Justin Timberlake,180,45,3,22,0,0,0,2668,470,2018,2,1,2024,7,31,55
K CAMP,200,148,1,4,0,0,0,1954,1926,2020,2,5,2020,3,27,148
K-Ci & JoJo,199,171,1,12,0,0,0,449,344,2024,4,4,2024,7,30,171
K.O,196,1,8,93,0,0,0,2577,218,2018,1,1,2024,12,31,127
KALEO,72,72,1,1,0,0,0,2668,2668,2018,3,15,2018,3,15,72
KAROL G,197,175,1,5,0,0,0,2003,1968,2020,1,6,2020,2,30,197
KDDO,191,191,1,1,0,0,0,1856,1856,2020,6,4,2020,6,4,191
KIDS SEE GHOSTS,198,5,7,6,0,0,0,2577,2535,2018,6,5,2018,7,28,30
KMAT,196,11,1,34,0,0,0,442,176,2024,1,1,2025,12,30,175
KSI,198,20,25,27,0,0,0,2059,253,2019,2,1,2024,12,30,105
KYLE,200,29,2,19,0,0,0,2647,2241,2018,4,3,2019,7,31,200
Kabza De Small,200,1,72,273,0,0,0,2381,1,2018,1,1,2025,12,31,171
Kali,47,25,1,6,0,0,0,785,743,2023,5,8,2023,6,25,47
Kali Uchis,199,39,2,27,0,0,0,1583,708,2021,3,1,2023,7,29,95
Kaliii,171,33,1,9,0,0,0,764,687,2023,6,1,2023,8,29,33
Kamo Mphela,197,3,11,67,0,0,0,1555,1,2021,1,1,2025,12,30,69
Kane Brown,190,105,1,20,0,0,0,1814,1681,2020,7,1,2020,11,30,132
Kanye West,200,1,57,140,0,0,0,2668,442,2018,1,1,2024,12,31,64
Kari Jobe,197,169,1,2,0,0,0,1905,1891,2020,4,16,2020,4,30,169
Karyendasoul,195,64,1,17,0,0,0,1303,1156,2021,1,3,2022,12,30,195
Karyn White,196,124,2,18,0,0,0,267,8,2024,2,3,2025,10,31,162
Kate Bush,176,3,1,21,0,0,0,1128,988,2022,6,1,2022,10,30,15
Katy Perry,200,11,4,63,0,0,0,2220,1758,2019,1,1,2020,12,31,18
KayGee DaKing,172,63,2,34,0,0,0,2241,2010,2019,1,1,2020,12,31,166
Kaycherlow NLL,187,50,3,18,0,0,0,120,1,2025,3,1,2025,7,29,187
Kaylow,193,2,1,22,0,0,0,757,22,2023,6,3,2025,10,31,40
Keala Settle,185,162,1,3,0,0,0,2416,2402,2018,11,6,2018,12,29,180
Kehlani,200,17,14,63,0,0,0,2360,1,2019,1,1,2025,11,31,96
Kelly Clarkson,192,34,2,10,0,0,0,2381,190,2018,12,17,2024,12,31,36
Kelly Khumalo,198,98,3,26,0,0,0,1723,267,2020,1,1,2024,12,31,118
Kelvin Momo,200,1,133,153,0,0,0,1604,1,2021,1,1,2025,12,31,128
Kendrick Lamar,200,1,41,215,0,0,0,2668,1,2018,1,1,2025,12,31,4
Kenya Grace,130,29,1,29,0,0,0,666,470,2023,1,1,2024,12,30,78
Kevboii,200,200,1,2,0,0,0,1366,1359,2021,10,7,2021,10,14,200
Kevin Gates,136,136,1,1,0,0,0,1205,1205,2022,3,17,2022,3,17,136
Kgaogelo Kekana,196,135,1,2,0,0,0,78,71,2025,4,17,2025,4,24,135
Khadeair,130,22,1,2,0,0,0,8,1,2025,6,3,2025,7,26,130
Khalid,200,1,36,236,0,0,0,2668,15,2018,1,1,2025,12,31,5
Khalil Harrison,189,21,1,31,0,0,0,519,302,2024,2,1,2024,9,30,22
Khanyisa,164,10,3,29,0,0,0,1366,659,2021,1,2,2023,12,31,12
Kharishma,200,5,10,69,0,0,0,757,1,2023,1,1,2025,12,31,196
Khathapillar,184,2,1,52,0,0,0,358,1,2024,1,1,2025,12,31,184
Khuthuza,199,43,1,38,0,0,0,603,337,2023,1,1,2024,12,30,188
Khuzani,196,21,16,12,0,0,0,939,204,2022,1,4,2024,12,28,143
Kid Cudi,189,35,11,8,0,0,0,1814,1632,2020,1,7,2021,12,31,51
Kid X,197,197,1,1,0,0,0,2591,2591,2018,5,31,2018,5,31,197
Kiiara,192,178,1,2,0,0,0,2577,2563,2018,6,14,2018,6,28,192
Killer Kau,198,19,1,25,0,0,0,1604,1387,2021,2,1,2021,9,29,50
Killorbeezbeatz,181,6,1,27,0,0,0,666,484,2023,1,1,2024,12,30,145
Kina,200,95,2,17,0,0,0,2255,1821,2019,4,2,2020,7,30,190
KindlyNxsh,160,62,2,3,0,0,0,267,253,2024,10,10,2024,10,24,62
King Modana,168,78,1,9,0,0,0,2423,2367,2018,1,3,2019,12,29,113
King Monada,193,10,3,48,0,0,0,960,183,2022,1,1,2025,12,30,187
King Princess,199,42,1,56,0,0,0,2661,2213,2018,1,1,2019,12,31,73
King Temoso,193,59,1,14,0,0,0,358,267,2024,7,1,2024,10,29,172
Kizz Daniel,191,12,2,57,0,0,0,1142,750,2022,1,1,2023,12,30,21
Kodak Black,190,8,6,63,0,0,0,2570,750,2018,1,1,2023,12,31,161
Konke,196,12,2,46,0,0,0,1128,778,2022,1,1,2023,12,30,21
Kordhell,200,177,1,3,0,0,0,946,904,2022,1,1,2023,12,12,177
Kris Kross Amsterdam,186,43,1,18,0,0,0,2521,2360,2018,1,1,2019,11,30,149
Kurt Darren,195,63,1,13,0,0,0,232,148,2024,1,2,2025,12,30,189
Kususa,199,121,1,12,0,0,0,939,862,2022,1,2,2023,12,29,187
Kvng Vinci,122,36,1,3,0,0,0,1352,1338,2021,10,4,2021,11,28,74
Kwesta,195,27,9,40,0,0,0,2668,939,2018,1,1,2022,12,31,71
Kweyama Brothers,194,7,1,26,0,0,0,1422,1247,2021,1,2,2022,12,30,194
Kwiish SA,194,4,3,46,0,0,0,2311,1282,2019,3,1,2021,12,30,165
Kygo,200,18,19,192,0,0,0,2661,512,2018,1,1,2024,12,31,143
Kyle Watson,200,115,2,7,0,0,0,2500,2360,2018,1,4,2019,10,30,191
Kylie Minogue,183,108,1,4,0,0,0,2381,1282,2018,12,24,2021,12,30,108
LIMIT NALA,200,4,7,60,0,0,0,582,1,2023,1,1,2025,12,30,155
LISA,195,42,2,18,0,0,0,1366,141,2021,1,2,2025,12,30,82
Labrinth,200,37,8,31,0,0,0,2150,785,2019,2,1,2023,10,31,91
Lady Amar,197,1,1,50,0,0,0,862,463,2023,1,1,2024,12,31,123
Lady Du,191,26,4,39,0,0,0,1611,792,2021,2,1,2023,10,31,48
Lady Gaga,199,5,10,251,0,0,0,2465,1,2018,1,1,2025,12,31,184
Lady Zamar,194,43,2,47,0,0,0,2647,2297,2018,1,1,2019,12,31,178
Lana Del Rey,197,104,5,4,0,0,0,2129,764,2019,1,1,2023,9,25,182
LastBornDiroba,194,10,3,11,0,0,0,225,155,2024,1,2,2025,12,30,54
Lauren Daigle,199,118,1,39,0,0,0,2479,2059,2018,1,1,2019,11,31,162
Lauren Spencer-Smith,200,38,2,21,0,0,0,1268,1121,2022,1,3,2022,6,31,38
Lauv,200,17,14,153,0,0,0,2661,1534,2018,1,1,2021,12,31,95
Lay Bankz,179,65,1,7,0,0,0,442,400,2024,4,2,2024,5,30,120
Leah Kate,182,144,1,3,0,0,0,1156,1142,2022,5,5,2022,5,19,175
Lebza TheVillain,184,128,3,3,0,0,0,1233,701,2022,2,3,2023,8,17,134
Leehleza,113,113,1,1,0,0,0,407,407,2024,5,23,2024,5,23,113
Leeland,163,152,1,3,0,0,0,1919,1905,2020,4,2,2020,4,16,163
Lejwe La Motheo Artists Development,194,172,1,3,0,0,0,393,78,2024,4,6,2025,6,17,187
Lekker Stylist,182,42,1,17,0,0,0,211,92,2024,1,2,2025,12,30,144
Lekompo Music,79,61,1,4,0,0,0,22,1,2025,6,3,2025,7,26,79
Lennon Stella,186,161,1,2,0,0,0,2339,2332,2019,2,7,2019,2,14,161
LeoStayTrill,199,123,1,3,0,0,0,351,337,2024,7,1,2024,8,25,192
Leon Schuster,181,27,2,3,0,0,0,2066,610,2019,10,2,2023,11,26,112
Leon Thomas,195,66,2,11,0,0,0,127,36,2025,2,1,2025,5,29,161
Leona Lewis,190,162,2,6,0,0,0,2381,2017,2018,5,6,2019,12,30,162
Lewis Capaldi,199,7,6,337,0,0,0,2360,1,2019,1,1,2025,12,31,196
Liam Payne,186,49,3,21,0,0,0,2668,2395,2018,3,1,2018,12,31,49
Lianie May,181,174,1,3,0,0,0,925,911,2022,1,5,2023,12,29,176
Libianca,191,5,2,64,0,0,0,925,463,2022,1,1,2024,12,31,93
Lil Baby,200,14,29,173,0,0,0,2605,169,2018,1,1,2025,12,31,97
Lil Dicky,185,7,2,34,0,0,0,2661,2206,2018,3,2,2019,9,31,33
Lil Durk,200,2,6,43,0,0,0,1205,498,2022,1,1,2024,12,31,177
Lil Mabu,185,56,2,12,0,0,0,785,596,2023,5,1,2023,11,29,185
Lil Mosey,199,5,3,85,0,0,0,2493,1443,2018,1,1,2021,12,31,185
Lil Nas X,199,1,21,171,0,0,0,2297,981,2019,1,1,2022,12,31,65
Lil Peep,197,7,3,17,0,0,0,2479,2360,2018,1,1,2019,12,29,168
Lil Pump,192,50,6,25,0,0,0,2668,2318,2018,1,3,2019,7,31,50
Lil Skies,157,130,2,4,0,0,0,2661,2311,2018,3,5,2019,4,29,157
Lil Tecca,199,8,9,78,0,0,0,2213,99,2019,1,1,2025,12,31,116
Lil Tjay,200,2,6,64,0,0,0,2087,1030,2019,1,1,2022,12,31,200
Lil Uzi Vert,200,30,25,102,0,0,0,2668,715,2018,1,1,2023,12,31,41
Lil Wayne,195,1,26,32,0,0,0,2668,22,2018,2,1,2025,12,29,82
Lil Xan,173,52,1,12,0,0,0,2668,2563,2018,3,3,2018,6,29,52
Lil Yachty,195,13,10,51,0,0,0,2668,638,2018,3,1,2023,12,31,83
Lindo Mtangayi,196,124,1,8,0,0,0,442,344,2024,4,4,2024,7,27,154
Lindough,137,30,1,16,0,0,0,631,526,2023,1,2,2024,12,30,137
Linkin Park,198,100,2,4,0,0,0,869,281,2023,2,12,2024,9,26,170
Lira,174,174,1,1,0,0,0,1254,1254,2022,1,27,2022,1,27,174
Lithe,168,55,1,10,0,0,0,421,358,2024,5,4,2024,7,30,168
Little Mix,193,28,2,17,1,0,0,2451,1709,2018,1,1,2020,12,31,52
Liwn,198,119,1,6,0,0,0,568,526,2023,1,4,2024,12,25,186
Lizwi Wokuqala,181,119,1,5,0,0,0,337,302,2024,8,1,2024,9,29,175
Lizzo,197,16,6,90,0,0,0,2255,911,2019,1,1,2023,12,31,74
Lizzy McAlpine,188,72,1,12,0,0,0,862,785,2023,2,2,2023,5,30,188
Lloyd,192,122,1,24,0,0,0,232,8,2024,1,1,2025,11,30,187
Lloyiso,200,37,7,176,0,0,0,1436,1,2021,1,1,2025,12,31,196
Loatinover Pounds,181,12,1,32,0,0,0,855,638,2023,3,1,2023,10,31,153
Logic,198,3,21,46,0,0,0,2668,1786,2018,1,1,2020,10,31,27
Lojay,198,59,2,41,0,0,0,1135,771,2022,1,1,2023,12,29,126
Lola Young,172,73,1,16,0,0,0,176,71,2025,1,3,2025,4,30,110
Lord Huron,199,46,1,110,0,0,0,2661,1,2018,1,1,2025,12,31,138
Lorde,140,66,1,2,0,0,0,1478,1471,2021,6,17,2021,6,24,66
Los Unidades,149,149,1,1,0,0,0,2402,2402,2018,12,6,2018,12,6,149
Lost Frequencies,195,13,2,111,0,0,0,2619,540,2018,1,1,2024,12,31,185
Loud Luxury,197,9,2,108,0,0,0,2654,1898,2018,1,1,2020,12,31,176
Loufi,198,34,2,2,0,0,0,1744,610,2020,9,2,2023,11,24,198
Louis The Child,134,87,1,8,0,0,0,2577,2528,2018,6,2,2018,8,28,132
Lowsheen,183,32,2,20,0,0,0,1044,673,2022,1,1,2023,12,31,58
Lucky Daye,187,61,1,13,0,0,0,1205,1121,2022,3,2,2022,6,31,133
Lukas Graham,198,54,2,37,0,0,0,2479,1,2018,1,1,2025,12,31,88
Lusanda Beja,181,163,1,2,0,0,0,78,71,2025,4,17,2025,4,24,181
Luu Nineleven,199,88,1,15,0,0,0,2038,1926,2019,1,2,2020,12,30,195
Luude,172,172,1,1,0,0,0,1240,1240,2022,2,10,2022,2,10,172
Luxury SA,181,10,1,46,0,0,0,1037,715,2022,1,1,2023,12,30,166
Lwah Ndlunkulu,200,8,7,130,0,0,0,1044,57,2022,1,1,2025,12,31,167
MASN,200,189,1,2,0,0,0,1933,1926,2020,3,19,2020,3,26,200
MAX,200,119,1,5,0,0,0,2234,2206,2019,5,6,2019,6,30,173
MDU aka TRP,200,38,7,10,0,0,0,1331,15,2021,6,2,2025,12,30,123
MEDUZA,199,14,5,189,0,0,0,2283,764,2019,1,1,2023,12,31,186
MENZI MUSIC,200,6,7,29,0,0,0,197,1,2024,1,1,2025,12,30,174
MKTO,193,179,1,2,0,1,0,1345,1338,2021,10,4,2021,11,28,179
MOLIY,150,116,1,7,0,0,0,43,1,2025,5,3,2025,7,29,150
MRDA,192,36,2,53,0,0,0,869,78,2023,1,1,2025,12,31,145
MaWhoo,200,1,6,72,0,0,0,946,1,2022,1,1,2025,12,31,31
Mabel,200,30,2,46,0,0,0,2339,1835,2019,1,1,2020,12,30,185
Mabotho s,186,29,1,8,0,0,0,50,1,2025,5,3,2025,7,29,186
Mac Miller,198,10,25,18,0,0,0,2584,1954,2018,1,1,2020,11,30,136
Mac lopez,95,95,1,1,0,0,0,729,729,2023,7,6,2023,7,6,95
MacG,136,11,1,23,0,0,0,1009,855,2022,1,1,2023,12,29,50
Machine Gun Kelly,196,48,11,51,0,0,0,2486,1191,2018,1,1,2022,12,31,97
Madison Beer,193,115,3,15,0,0,0,2647,1849,2018,4,4,2020,12,30,188
Madison Ryann Ward,193,163,1,5,0,0,0,309,106,2024,2,6,2025,8,29,163
Madlala,197,147,1,13,0,0,0,701,547,2023,1,2,2024,12,28,164
Mafikizolo,195,40,2,40,0,0,0,1933,176,2020,1,1,2025,12,31,195
Maggie Lindemann,198,122,1,47,0,0,0,2661,2283,2018,1,1,2019,12,31,139
Mahostela 97,183,77,1,4,0,0,0,22,1,2025,6,3,2025,7,26,183
Majestic,186,135,1,15,0,0,0,1506,1275,2021,1,1,2022,8,29,150
Majid Jordan,79,79,1,1,0,0,0,2164,2164,2019,8,1,2019,8,1,79
Major Keys,188,64,2,18,0,0,0,764,386,2023,4,1,2024,8,30,69
Major Lazer,184,41,6,38,0,0,0,2661,827,2018,3,2,2023,12,31,136
Major League Djz,199,5,5,68,0,0,0,1695,526,2020,1,1,2024,12,31,199
Makhadzi,200,21,18,68,0,0,0,1716,848,2020,1,1,2023,12,31,74
Makhadzi Entertainment,200,22,13,82,0,0,0,743,1,2023,1,1,2025,12,31,110
Malome Vector,174,86,4,4,0,0,0,337,218,2024,8,1,2024,11,28,86
Maluma,170,77,1,3,0,0,0,1695,1681,2020,11,12,2020,11,26,170
Mandoza,47,47,1,1,0,0,0,610,610,2023,11,2,2023,11,2,47
Mankay & Choco Dynasty,135,135,1,1,0,0,0,736,736,2023,6,29,2023,6,29,135
Manqonqo,190,50,1,15,0,0,0,2402,2297,2018,1,3,2019,12,31,163
Mapara A Jazz,196,1,2,19,0,0,0,1723,1401,2020,1,2,2021,12,31,108
Marcus MC,186,186,1,1,0,0,0,1170,1170,2022,4,21,2022,4,21,186
Maren Morris,197,138,1,7,0,0,0,2297,2143,2019,3,1,2019,8,28,149
Mariah Carey,200,2,5,195,0,0,0,2402,1,2018,1,1,2025,12,31,71
Mariah the Scientist,174,72,3,11,0,0,0,232,1,2024,3,3,2025,11,29,174
Mario,200,18,2,343,0,0,0,2528,1,2018,1,1,2025,12,31,198
Mark Ambor,187,41,1,30,0,0,0,456,169,2024,1,1,2025,10,30,111
Mark Ronson,197,32,2,33,0,0,0,2402,2087,2018,1,1,2019,12,31,94
Maroon 5,199,1,7,224,0,1,0,2668,897,2018,1,1,2023,12,31,54
Marshmello,200,1,20,266,0,0,0,2668,764,2018,1,1,2023,12,31,58
Martin Garrix,197,8,14,111,0,0,0,2668,1422,2018,1,1,2021,12,31,38
Martin Jensen,200,166,1,7,0,0,0,2283,1905,2019,4,2,2020,4,25,166
Marvin Gaye,187,184,1,2,0,0,0,267,162,2024,1,10,2025,10,23,187
Mary J. Blige,192,190,1,2,0,0,0,1212,1205,2022,3,10,2022,3,17,192
Mas Musiq,200,2,16,169,0,0,0,2024,29,2019,1,1,2025,12,31,166
Masego,200,28,2,15,0,0,0,1688,1359,2020,1,4,2021,11,30,164
MashBeatz,193,93,3,13,0,0,0,1149,22,2022,5,2,2025,9,28,158
Mashudu,148,148,1,1,0,0,0,582,582,2023,11,30,2023,11,30,148
Masinga Sgqoko Sembongolo,144,39,1,22,0,0,0,148,1,2025,2,1,2025,7,29,144
Masked Wolf,197,8,1,57,0,0,0,1639,1247,2021,1,1,2022,12,30,134
Master KG,198,6,4,47,0,0,0,2381,1492,2018,1,1,2021,12,31,173
Masterpiece YVK,136,71,2,4,0,0,0,764,484,2023,3,1,2024,6,15,71
Matthew Mole,153,152,2,2,0,0,0,1772,1471,2020,6,24,2021,8,27,153
Maverick Muji,184,29,1,30,0,0,0,624,421,2023,1,1,2024,12,30,33
Mawelele,178,4,3,44,0,0,0,302,1,2024,1,1,2025,12,31,42
Max Hurrell,161,6,1,16,0,0,0,1877,1772,2020,5,2,2020,8,30,31
Mduduzi,199,136,1,6,0,0,0,1674,1639,2020,1,3,2021,12,31,197
Mduduzi Ncube,189,32,3,44,0,0,0,1219,1,2022,1,1,2025,12,31,153
Meek Mill,199,11,9,90,0,0,0,2556,50,2018,1,1,2025,12,31,196
Mega,184,151,1,3,0,0,0,281,267,2024,9,3,2024,10,26,151
Megadrumz,173,9,1,27,0,0,0,652,456,2023,1,1,2024,12,30,47
Megan Thee Stallion,200,8,11,91,0,0,0,2150,281,2019,1,1,2024,12,31,22
Meghan Trainor,184,17,2,31,0,0,0,2381,785,2018,1,1,2023,12,30,141
Melanie Martinez,194,78,1,11,0,0,0,1884,1814,2020,5,2,2020,7,28,119
Mellow & Sleazy,197,1,23,185,0,0,0,1394,36,2021,1,1,2025,12,31,19
Memie,160,160,1,1,0,0,0,1,1,2025,7,3,2025,7,3,160
Metro Boomin,199,2,35,81,0,0,0,2430,512,2018,1,1,2024,12,31,37
Mfana Kah Gogo,68,68,1,1,0,0,0,1359,1359,2021,10,14,2021,10,14,68
MfanaTouchLine,161,120,1,4,0,0,0,92,64,2025,4,1,2025,5,24,161
Mfr Souls,199,19,8,76,0,0,0,2073,260,2019,1,1,2024,12,31,142
Mgarimbe,176,68,2,1,0,0,0,610,610,2023,11,2,2023,11,2,68
Mi Casa,161,34,1,30,0,0,0,1625,1422,2021,1,1,2021,8,29,115
Michael Bubl,184,9,6,20,0,0,0,2402,190,2018,12,6,2024,12,31,161
Michael Jackson,199,124,1,11,0,0,0,2661,2374,2018,1,2,2019,8,29,134
Michael Marcagi,194,65,1,33,0,0,0,519,295,2024,2,1,2024,9,30,125
Mid9t,184,8,1,35,0,0,0,428,183,2024,1,1,2025,12,31,159
Migos,199,4,27,42,0,0,0,2668,1415,2018,2,1,2021,9,31,23
Miguel,200,13,4,240,0,0,0,2661,1,2018,1,1,2025,12,31,114
Mike Posner,179,179,1,1,0,0,0,2423,2423,2018,11,15,2018,11,15,179
Mike WiLL Made-It,177,129,3,6,0,0,0,2647,1695,2018,4,5,2020,11,26,150
Miley Cyrus,200,1,9,131,0,0,0,2430,421,2018,1,1,2024,12,31,175
Miss Pru DJ,186,73,1,15,0,0,0,1849,1751,2020,6,2,2020,9,30,186
Mitski,194,76,1,24,0,0,0,631,470,2023,1,1,2024,12,30,171
Mizo Phyll,148,148,1,1,0,0,0,50,50,2025,5,15,2025,5,15,148
Mjolisi,163,7,2,44,0,0,0,302,1,2024,1,1,2025,12,31,115
Mlindo The Vocalist,200,33,13,87,0,0,0,2633,1,2018,1,1,2025,12,31,144
Mneskin,200,5,2,36,0,0,0,1485,1240,2021,1,1,2022,12,30,107
Moneoa,160,160,1,1,0,0,0,127,127,2025,2,27,2025,2,27,160
Money Man,191,167,1,3,0,0,0,1723,1709,2020,10,15,2020,10,29,171
Montell Fish,116,81,1,2,0,0,0,1016,1009,2022,9,22,2022,9,29,81
Mordecai,196,196,1,1,0,0,0,309,309,2024,8,29,2024,8,29,196
Morgan Wallen,195,181,1,3,0,0,0,806,708,2023,4,20,2023,7,27,185
Mr JazziQ,199,8,23,143,0,0,0,1877,120,2020,1,1,2025,12,31,180
Mr Pilato,149,1,2,34,0,0,0,232,1,2024,1,1,2025,12,30,1
Mr Thela,190,50,2,11,0,0,0,589,519,2023,1,1,2024,12,30,165
Mr. Probz,191,180,1,2,0,0,0,2626,2612,2018,4,10,2018,5,26,191
Msaki,198,14,2,10,0,0,0,1345,1282,2021,10,2,2021,12,30,14
Mshinwemali,197,13,3,77,0,0,0,533,1,2024,1,1,2025,12,31,149
Msongi,200,8,2,39,0,0,0,407,141,2024,1,1,2025,12,31,77
Mthandazo Gatya,198,198,1,1,0,0,0,1681,1681,2020,11,26,2020,11,26,198
Mthandeni SK,198,1,11,99,0,0,0,687,1,2023,1,1,2025,12,31,38
Mthunzi,188,176,1,3,0,0,0,1744,1716,2020,9,15,2020,10,24,176
Mumford & Sons,191,172,1,2,0,0,0,2472,2416,2018,9,22,2018,11,27,172
Muni Long,197,5,3,86,0,0,0,1268,127,2022,1,1,2025,12,31,77
Murumba Pitch,191,19,4,48,0,0,0,967,547,2022,1,1,2024,12,31,81
Musa Keys,193,4,5,106,0,0,0,1674,596,2020,1,1,2023,12,31,83
Musical Jazz,176,27,1,23,0,0,0,701,547,2023,1,2,2024,12,31,150
Musketeers,176,28,1,23,0,0,0,1331,1177,2021,1,2,2022,12,31,152
Mustard,198,37,4,94,0,0,0,2353,372,2019,1,1,2024,12,31,139
Muzzy D Pilot,184,125,1,8,0,0,0,1590,1520,2021,2,1,2021,5,29,184
Myles Smith,197,8,5,61,0,0,0,624,1,2023,1,1,2025,12,31,67
Myztro,199,2,8,60,0,0,0,960,547,2022,1,1,2024,12,31,22
Mzukulu,189,46,2,59,0,0,0,568,120,2023,1,1,2025,12,31,188
Mzux Maen,190,94,2,15,0,0,0,1226,1128,2022,2,2,2022,6,31,190
N.E.R.D,181,28,1,7,0,0,0,2654,2612,2018,3,3,2018,5,29,28
NAV,187,38,5,26,0,0,0,2591,1051,2018,3,2,2022,8,31,177
NEIKED,195,64,1,19,0,0,0,1345,1191,2021,1,2,2022,12,31,106
NF,200,15,16,109,0,0,0,2668,806,2018,1,1,2023,12,31,16
NHLOSO KHWELA,86,8,2,8,0,0,0,50,1,2025,5,3,2025,7,29,17
NLE Choppa,198,54,6,36,0,0,0,2164,253,2019,3,1,2024,11,31,193
NOMAKHOSINI,196,27,1,13,0,0,0,162,78,2025,1,3,2025,4,30,27
NOTD,200,78,2,44,0,0,0,2647,2087,2018,1,1,2019,10,31,199
Najee,197,135,1,25,0,0,0,344,57,2024,1,1,2025,12,30,195
Naleboy Young King,132,16,2,17,0,0,0,113,1,2025,3,1,2025,7,29,132
Naledi Aphiwe,195,2,4,70,0,0,0,666,1,2023,1,1,2025,12,30,194
Nandipha808,189,22,5,28,0,0,0,610,421,2023,1,1,2024,12,30,162
Nardo Wick,183,127,1,4,0,0,0,1359,1338,2021,10,4,2021,11,28,149
Nas,198,41,15,4,0,0,0,2570,1422,2018,6,12,2021,8,28,96
Nasty C,200,4,76,137,0,0,0,2654,1,2018,2,1,2025,11,31,199
Nat King Cole,194,72,3,7,0,0,0,2381,190,2018,12,24,2024,12,31,72
Natalie Taylor,186,99,1,18,0,0,0,1891,1772,2020,4,2,2020,8,30,170
Natasha Bedingfield,167,123,1,3,0,0,0,498,484,2024,2,7,2024,3,29,154
Nathan Dawe,190,184,1,2,0,0,0,1793,1786,2020,8,6,2020,8,13,184
Nathan Evans,190,57,1,16,0,0,0,1590,1485,2021,2,1,2021,6,29,77
Nathi,192,143,1,14,0,0,0,673,582,2023,8,2,2023,11,31,188
Navigator Gcwensa,194,117,2,31,0,0,0,358,36,2024,1,1,2025,12,31,191
Ndlu Nkulu,198,144,1,3,0,0,0,722,708,2023,7,13,2023,7,27,194
Ndotz,186,34,1,16,0,0,0,295,176,2024,1,3,2025,12,31,157
Nduduzo Matse,190,117,1,22,0,0,0,442,1,2024,1,3,2025,7,30,182
Ne-Yo,193,173,1,3,0,0,0,750,449,2023,4,4,2024,6,15,191
Nea,192,192,1,1,0,0,0,1772,1772,2020,8,27,2020,8,27,192
Nemzzz,97,97,1,1,0,0,0,92,92,2025,4,3,2025,4,3,97
Neon Dreams,177,148,1,3,0,0,0,1709,1695,2020,10,5,2020,11,29,148
New Edition,197,70,1,67,0,1,0,477,1,2024,1,1,2025,12,31,156
Nia Pearl,138,138,1,1,0,0,0,337,337,2024,8,1,2024,8,1,138
Niall Horan,198,58,4,20,0,0,0,2087,855,2019,1,2,2023,12,31,86
Nick Jonas,169,73,1,4,0,0,0,2500,2479,2018,8,6,2018,9,30,73
Nicki Minaj,200,2,52,122,0,0,0,2633,505,2018,1,1,2024,12,31,20
Nicky Jam,200,73,1,9,0,0,0,2661,2598,2018,3,5,2018,5,29,126
Nicky Youre,196,43,1,42,0,0,0,1149,862,2022,1,1,2023,12,30,194
Nicole Elocin,170,170,1,1,0,0,0,1226,1226,2022,2,24,2022,2,24,170
Nija,33,33,1,1,0,0,0,2171,2171,2019,7,25,2019,7,25,33
Niniola,177,177,1,1,0,0,0,1324,1324,2021,11,18,2021,11,18,177
Nipsey Hussle,94,75,2,3,0,0,0,2276,1597,2019,2,11,2021,4,18,75
Nissi,95,95,1,1,0,0,0,1128,1128,2022,6,2,2022,6,2,95
Njabulo Langa,193,120,1,6,0,0,0,106,71,2025,3,3,2025,4,27,189
Njelic,177,22,4,36,0,0,0,1366,722,2021,1,1,2023,12,30,45
Nkosazana Daughter,184,47,4,24,0,0,0,848,519,2023,1,1,2024,12,30,47
Nkosazana_Daughter,73,73,1,1,0,0,0,1359,1359,2021,10,14,2021,10,14,73
Nkulee501,151,151,1,1,0,0,0,1079,1079,2022,7,21,2022,7,21,151
Noah Cyrus,184,115,1,15,0,0,0,2080,1961,2019,1,2,2020,12,31,176
Noah Kahan,198,33,2,41,0,0,0,708,302,2023,1,1,2024,12,30,149
Nobantu Vilakazi,150,150,1,1,0,0,0,694,694,2023,8,10,2023,8,10,150
Nobuhle,178,50,2,3,0,0,0,981,22,2022,6,3,2025,11,27,50
Nomcebo Zikode,196,4,5,33,0,0,0,1779,554,2020,1,1,2023,12,31,64
Nomfundo Moh,199,17,5,77,0,0,0,1338,792,2021,1,1,2023,12,31,168
Nontokozo Mkhize,200,2,4,30,0,0,0,204,1,2024,1,1,2025,12,30,33
Normani,197,23,5,37,0,0,0,2437,1198,2018,3,1,2022,12,31,115
Ntencane,194,150,1,3,0,0,0,785,561,2023,5,11,2023,12,25,150
Ntokozo Ngongoma,199,189,1,2,0,0,0,120,22,2025,3,6,2025,6,12,189
Ntokzin,184,22,3,26,0,0,0,1338,155,2021,1,2,2025,12,31,81
Ntosh Gazi,189,177,2,2,0,0,0,1408,1240,2021,2,10,2022,8,26,177
OSKIDO,171,144,1,2,0,0,0,1485,1478,2021,6,10,2021,6,17,144
Oasis,199,151,1,12,0,0,0,2647,2360,2018,1,3,2019,12,30,185
Ocean Biller,90,90,1,1,0,0,0,631,631,2023,10,12,2023,10,12,90
Octavian,162,91,1,7,0,0,0,1709,1667,2020,10,3,2020,12,29,139
Odeal,193,125,1,11,0,0,0,162,92,2025,1,3,2025,4,30,167
Ofenbach,195,164,1,3,0,0,0,1632,1618,2021,1,14,2021,1,28,165
Officixl Megaohms,129,84,1,2,0,0,0,855,848,2023,3,2,2023,3,9,129
Officixl Rsa,181,19,2,33,0,0,0,897,183,2023,1,1,2025,12,31,181
Offset,197,27,14,64,0,0,0,2668,281,2018,2,1,2024,10,31,30
Okuhle,111,111,1,1,0,0,0,22,22,2025,6,12,2025,6,12,111
Olefied Khetha,196,180,1,3,0,0,0,218,204,2024,11,5,2024,12,28,196
Oliver Tree,186,31,2,40,0,0,0,1387,862,2021,1,1,2023,12,30,153
Olivia Rodrigo,199,1,17,108,0,0,0,1632,540,2021,1,1,2024,12,31,1
Omah Lay,133,76,2,3,0,0,0,1212,820,2022,3,6,2023,4,17,76
Omar Apollo,196,63,1,9,0,0,0,1016,960,2022,9,3,2022,11,29,119
Omit ST,69,69,1,1,0,0,0,715,715,2023,7,20,2023,7,20,69
One Direction,116,107,2,1,0,1,0,253,253,2024,10,24,2024,10,24,107
OneRepublic,200,11,10,217,0,1,0,2598,456,2018,1,1,2024,12,31,197
Oscar Mbo,199,1,4,67,0,0,0,694,1,2023,1,1,2025,12,31,147
Oxlade,196,7,1,43,0,0,0,1072,778,2022,1,1,2023,12,30,153
P!nk,200,24,7,99,0,0,0,2654,778,2018,1,1,2023,12,31,172
PARTYNEXTDOOR,195,7,26,144,0,0,0,2045,99,2019,1,1,2025,12,31,51
PRVIS3,126,70,1,2,0,0,0,729,722,2023,7,6,2023,7,13,70
Pabi Cooper,198,7,6,112,0,0,0,1422,141,2021,1,1,2025,12,31,71
Panic! At The Disco,197,12,4,129,0,0,0,2654,1114,2018,1,1,2022,12,31,164
Papa Roach,196,196,1,1,0,0,0,2661,2661,2018,3,22,2018,3,22,196
Pascal & Pearce,194,76,1,21,0,0,0,2661,2514,2018,3,2,2018,8,31,188
Passenger,200,187,1,6,0,0,0,1786,1450,2020,4,6,2021,8,29,199
Paul McCartney,154,30,1,6,0,0,0,2381,918,2018,12,24,2022,12,31,30
Paul Rosenberg,123,13,1,3,0,0,0,2493,2479,2018,9,6,2018,9,20,13
Pcee,195,3,5,60,0,0,0,932,393,2022,1,1,2024,12,31,114
Pedro Cap,190,167,1,3,0,0,0,2360,2346,2019,1,17,2019,1,31,173
Perry Como,141,71,1,3,0,0,0,2381,1282,2018,12,26,2021,12,30,89
Peta Teanet,190,190,1,1,0,0,0,708,708,2023,7,27,2023,7,27,190
Petit Biscuit,190,190,1,1,0,0,0,2633,2633,2018,4,19,2018,4,19,190
Pexi-Tonic SA,200,200,1,1,0,0,0,617,617,2023,10,26,2023,10,26,200
Phangandawo,138,138,1,1,0,0,0,1,1,2025,7,3,2025,7,3,138
Pharrell Williams,196,36,3,8,0,0,0,2598,953,2018,5,7,2022,11,31,48
Pheelz,200,54,1,34,0,0,0,1205,890,2022,1,1,2023,10,31,127
Phobla on the beat,185,133,1,3,0,0,0,197,183,2024,1,2,2025,12,26,185
Piano City,198,72,2,4,0,0,0,393,1,2024,6,3,2025,7,26,198
Pimmie,187,13,1,8,0,0,0,134,85,2025,2,3,2025,4,27,13
Pink Sweat$,177,136,1,4,0,0,0,1562,1541,2021,3,1,2021,4,25,162
PinkPantheress,178,10,3,32,0,0,0,939,666,2022,2,1,2023,12,31,172
Playboi Carti,195,5,30,26,0,0,0,2605,85,2018,1,2,2025,12,31,169
Pleasure Tsa Manyalo,185,174,1,2,0,0,0,190,183,2024,1,2,2025,12,26,185
Polo G,200,3,12,73,0,0,0,2227,1121,2019,1,1,2022,12,31,178
Poo Bear,141,141,1,1,0,0,0,2633,2633,2018,4,19,2018,4,19,141
Pooh Shiesty,200,200,1,1,0,0,0,1562,1562,2021,3,25,2021,3,25,200
Pop Smoke,200,3,36,98,0,0,0,1968,1191,2020,1,1,2022,12,31,189
Popcaan,98,95,1,2,0,0,0,897,890,2023,1,19,2023,1,26,95
Portugal. The Man,192,32,1,49,0,0,0,2668,2332,2018,1,1,2019,12,31,32
Post Malone,200,1,55,313,0,0,0,2668,169,2018,1,1,2025,12,31,3
Powfu,200,10,1,63,0,0,0,1961,1527,2020,1,1,2021,12,31,96
Priddy Ugly,197,104,1,4,0,0,0,638,505,2023,2,1,2024,10,15,117
Prince Benza,200,153,2,9,0,0,0,1429,92,2021,1,2,2025,8,30,196
Prince Kaybee,200,25,6,90,0,0,0,2654,2003,2018,1,1,2020,12,31,82
Professor,198,160,1,10,0,0,0,603,400,2023,1,2,2024,12,30,176
Pusha T,192,36,17,4,0,0,0,2591,1163,2018,4,7,2022,6,31,64
Pushkin,153,24,2,5,0,0,0,1009,484,2022,2,6,2024,10,29,24
Pushkin & Springle,73,23,1,4,0,0,0,1037,1016,2022,9,1,2022,9,22,73
Pushkin RSA,198,26,3,32,0,0,0,988,260,2022,1,1,2024,12,30,54
Q Twins,200,25,5,70,0,0,0,1338,176,2021,1,1,2025,12,31,72
Q-Mark,200,1,1,64,0,0,0,1296,792,2021,1,1,2023,12,31,154
Quality Control,184,121,2,8,0,0,0,2199,2101,2019,6,3,2019,10,29,150
Quavo,200,21,8,49,0,0,0,2514,344,2018,1,1,2024,12,30,87
QuayR Musiq,115,115,1,1,0,0,0,743,743,2023,6,22,2023,6,22,115
Queen,200,42,5,64,0,0,0,2661,1996,2018,1,1,2020,12,31,170
R. Kelly,196,154,1,6,0,0,0,2661,2626,2018,3,5,2018,4,29,173
R3HAB,191,59,3,19,0,0,0,2668,2052,2018,3,3,2019,11,31,86
RAYE,179,45,2,23,0,0,0,939,785,2022,1,2,2023,12,30,154
RM,117,117,1,1,0,0,0,939,939,2022,12,8,2022,12,8,117
ROS,192,17,2,38,0,0,0,1562,1,2021,1,1,2025,12,31,192
ROSALA,170,69,1,7,0,0,0,1856,1807,2020,6,2,2020,7,23,69
Rae Sremmurd,198,35,6,15,0,0,0,2661,2563,2018,3,3,2018,6,31,60
Rag'n'Bone Man,191,128,1,9,0,0,0,2661,2556,2018,3,5,2018,7,31,158
Rainbow Kitten Surprise,168,168,1,1,0,0,0,841,841,2023,3,16,2023,3,16,168
Ravyn Lenae,175,81,1,9,0,0,0,57,1,2025,5,3,2025,7,29,153
RealestK,199,52,1,11,0,0,0,1359,1289,2021,10,2,2021,12,28,134
Red Hot Chili Peppers,198,198,1,1,0,0,0,2556,2556,2018,7,5,2018,7,5,198
Reece Madlisa,199,6,4,78,0,0,0,1772,1072,2020,1,1,2022,12,31,122
Regard,196,22,3,88,0,0,0,2122,1499,2019,1,1,2021,12,31,150
Regi,186,8,3,14,0,0,0,2619,2073,2018,5,3,2019,10,31,86
Rema,192,7,2,87,0,0,0,1072,470,2022,1,1,2024,12,31,182
Ren,198,180,1,2,0,0,0,1534,1527,2021,4,22,2021,4,29,198
Rethabile Khumalo,199,49,1,25,0,0,0,1674,1506,2020,1,1,2021,12,31,192
Riaan Benad,200,35,7,175,0,0,0,1653,176,2020,1,1,2025,12,31,196
Rich Amiri,185,119,1,8,0,0,0,505,456,2024,2,4,2024,4,29,150
Rich The Kid,193,16,6,37,0,0,0,2668,2276,2018,1,2,2019,8,31,80
Richy Mitch & The Coal Miners,200,191,1,2,0,0,0,442,316,2024,4,18,2024,8,22,191
Rick Ross,198,11,8,7,0,0,0,2164,638,2019,8,1,2023,10,29,11
Ricus Nel,200,88,3,50,0,0,0,2388,1275,2018,1,1,2022,12,31,156
Rihanna,200,1,9,62,0,0,0,2661,113,2018,1,1,2025,12,31,169
Riky Rick,197,21,11,32,0,0,0,2479,85,2018,1,3,2025,12,31,160
Rita Ora,198,34,3,52,0,0,0,2605,2115,2018,1,1,2019,12,31,41
Riton,200,31,1,59,0,0,0,1583,1177,2021,1,1,2022,12,31,173
Ritt Momney,188,31,1,28,0,0,0,1744,1548,2020,1,1,2021,12,31,154
Rob $tone,195,51,1,7,0,0,0,2668,2619,2018,3,3,2018,5,29,51
Robin Schulz,197,163,1,4,0,0,0,2339,2304,2019,2,7,2019,3,21,173
Robinson,179,165,1,3,0,0,0,2626,2612,2018,4,3,2018,5,26,165
Robot Boii,183,66,1,18,0,0,0,1086,967,2022,7,1,2022,11,29,159
Rod Wave,197,50,8,25,0,0,0,1814,176,2020,1,1,2025,12,31,99
Roddy Ricch,198,1,7,99,0,0,0,2024,365,2019,1,1,2024,12,31,81
Romeo Makota,169,13,1,11,0,0,0,71,1,2025,4,1,2025,7,29,169
Rosa Linn,200,56,1,28,0,0,0,1079,883,2022,1,1,2023,12,29,91
Royal MusiQ,189,159,2,7,0,0,0,729,246,2023,7,3,2024,10,31,189
Rudimental,190,9,2,70,0,0,0,2668,2031,2018,1,1,2019,12,31,9
Ruger,196,48,1,34,0,0,0,890,659,2023,1,1,2023,9,31,183
Rumi,123,123,1,1,0,0,0,1,1,2025,7,3,2025,7,3,123
Russ,196,37,7,20,0,0,0,2486,638,2018,2,4,2023,11,31,139
Russ Millions,200,115,1,5,0,0,0,1534,1506,2021,4,6,2021,5,29,153
Russell Zuma,200,89,2,31,0,0,0,876,638,2023,2,1,2023,10,31,179
Ruth B.,194,56,1,163,0,0,0,1261,8,2022,1,1,2025,12,31,180
S'Villa,196,44,1,20,0,0,0,1198,1065,2022,3,2,2022,8,31,148
SA Music,193,49,4,5,0,0,0,162,64,2025,1,1,2025,5,30,79
SAINt JHN,193,3,1,113,0,0,0,2024,1233,2019,1,1,2022,12,31,165
SALES,165,148,1,2,0,0,0,1296,1289,2021,12,16,2021,12,23,165
SHAED,174,15,2,38,0,0,0,2374,1884,2019,1,2,2020,12,31,174
SHELOVESKAMO,190,91,1,5,0,0,0,1590,1555,2021,2,1,2021,4,25,91
SKHANDAWORLD,172,56,1,3,0,0,0,316,302,2024,8,5,2024,9,29,56
SUPTA,196,84,3,25,0,0,0,379,1,2024,2,1,2025,10,29,153
SZA,200,5,31,227,0,0,0,2262,1,2019,1,1,2025,12,31,25
Sabrina Carpenter,200,12,8,70,0,0,0,2661,8,2018,1,1,2025,12,31,144
Saint Bandz,81,33,1,4,0,0,0,848,827,2023,3,9,2023,3,30,81
Saja Boys,139,62,2,1,0,0,0,1,1,2025,7,3,2025,7,3,139
Salatiel,145,145,1,1,0,0,0,2171,2171,2019,7,25,2019,7,25,145
Saliwa,188,188,1,1,0,0,0,267,267,2024,10,10,2024,10,10,188
Sam Deep,199,6,12,152,0,0,0,1177,1,2022,1,1,2025,12,31,179
Sam Feldt,195,66,1,84,0,0,0,2199,1611,2019,1,1,2021,12,31,132
Sam Fischer,198,130,2,26,0,0,0,1898,1506,2020,2,1,2021,7,30,179
Sam Smith,200,2,16,235,0,0,0,2668,393,2018,1,1,2024,12,31,77
Samthing Soweto,199,1,9,68,0,0,0,2129,1,2019,1,1,2025,12,31,17
Sanele Jama,194,178,1,4,0,0,0,547,491,2024,1,1,2024,2,29,194
Sannere,200,78,3,27,0,0,0,281,1,2024,2,1,2025,10,29,183
Saweetie,198,36,3,39,0,0,0,1793,1429,2020,1,1,2021,10,29,166
Sayfar,158,110,3,4,0,0,0,1527,309,2021,4,7,2024,12,30,133
ScHoolboy Q,192,38,13,8,0,0,0,2297,2227,2019,3,2,2019,5,30,88
Scotts Maphuma,192,14,2,21,0,0,0,197,57,2024,1,1,2025,12,30,28
Sdala B,193,105,2,11,0,0,0,1345,1254,2021,1,2,2022,12,30,141
Seafret,189,149,1,5,0,0,0,1030,1002,2022,9,6,2022,10,29,155
Sean Paul,197,57,1,8,0,0,0,2668,2619,2018,3,3,2018,5,29,75
Seeb,200,176,2,6,0,0,0,2626,2353,2018,1,3,2019,5,26,176
Selena Gomez,200,2,16,139,0,0,0,2668,673,2018,1,1,2023,12,31,13
Semi Tee,198,11,2,50,0,0,0,2101,1359,2019,1,1,2021,12,31,46
Senior Oat,199,3,3,63,0,0,0,1177,736,2022,1,1,2023,12,30,139
Sevdaliza,178,108,1,7,0,0,0,344,302,2024,7,1,2024,9,29,110
Sexyy Red,182,151,3,4,0,0,0,421,148,2024,1,6,2025,5,30,182
Sfarzo Rtee,195,104,5,17,0,0,0,869,1,2023,2,3,2025,8,31,115
Sha Sha,200,9,9,83,0,0,0,2080,92,2019,1,1,2025,12,31,187
Shaboozey,197,7,1,64,0,0,0,442,1,2024,1,1,2025,12,31,77
Shado M,157,153,1,2,0,0,0,2381,2374,2018,1,3,2019,12,27,153
Shakes & Les,183,1,8,73,0,0,0,575,1,2023,1,1,2025,12,31,27
Shakin' Stevens,138,80,1,4,0,0,0,2381,918,2018,12,26,2022,12,30,123
Shallipopi,155,4,1,19,0,0,0,127,1,2025,2,1,2025,7,29,155
Shandesh,190,1,8,30,0,0,0,218,1,2024,1,1,2025,12,30,167
Shane Eagle,197,106,4,3,0,0,0,2080,1317,2019,4,1,2021,11,25,197
ShaunMusiq & Ftears,200,11,5,29,0,0,0,764,260,2023,1,1,2024,12,30,11
Shaunmusiq,196,3,5,45,0,0,0,918,113,2022,1,2,2025,12,31,123
Shawn Mendes,200,1,17,186,0,0,0,2661,1163,2018,1,1,2022,12,31,150
Shebeshxt,199,36,7,60,0,0,0,589,1,2023,1,1,2025,12,30,153
Sheck Wes,184,7,1,45,0,0,0,2507,2199,2018,1,1,2019,12,31,169
Shekhinah,199,50,12,30,0,0,0,2668,582,2018,3,3,2023,11,30,73
Sho Madjozi,200,40,4,18,0,0,0,2402,1674,2018,1,2,2020,12,28,155
Shouse,160,160,1,1,0,0,0,1408,1408,2021,8,26,2021,8,26,160
SiR,195,88,1,8,0,0,0,2150,2101,2019,8,3,2019,10,29,88
Sia,197,26,7,57,0,0,0,2654,190,2018,1,1,2024,12,31,153
Sigala,198,103,4,40,0,0,0,2605,1506,2018,1,1,2021,12,31,198
Silk City,198,30,1,36,0,0,0,2486,2241,2018,1,1,2019,12,31,43
Simmy,199,123,3,9,0,0,0,2332,1695,2019,2,2,2020,11,28,193
Sino Msolo,189,57,2,9,0,0,0,687,568,2023,8,2,2023,12,26,91
Sir Trill,186,70,2,9,0,0,0,1380,967,2021,9,3,2022,11,30,73
Sista Prod,195,195,1,1,0,0,0,1737,1737,2020,10,1,2020,10,1,195
Sithelo,197,124,1,7,0,0,0,2045,1947,2019,1,2,2020,12,28,197
Sizwe Mdlalose,173,139,1,4,0,0,0,204,183,2024,1,2,2025,12,26,157
Sizwe Nineteen,127,9,1,21,0,0,0,687,547,2023,1,2,2024,12,31,92
Sjava,199,3,33,87,0,0,0,2549,36,2018,1,1,2025,12,30,148
SjavasDaDeejay,193,33,1,29,0,0,0,400,183,2024,1,1,2025,12,31,115
Ski Mask The Slump God,200,125,3,9,0,0,0,2402,2248,2018,3,2,2019,12,28,190
Skrillex,146,139,1,2,0,0,0,1408,1401,2021,8,2,2021,9,26,139
Skweletu,182,182,1,1,0,0,0,757,757,2023,6,8,2023,6,8,182
Skylar Grey,148,62,1,4,0,0,0,1366,1345,2021,10,7,2021,10,28,62
Slade,187,50,1,7,0,0,0,1352,1310,2021,10,2,2021,12,28,53
Sleepy Hallow,200,14,4,67,0,0,0,1870,113,2020,1,2,2025,12,31,200
Slipknot,174,174,1,1,0,0,0,2234,2234,2019,5,23,2019,5,23,174
Smash Mouth,198,156,1,10,0,0,0,2654,2500,2018,3,2,2018,8,30,169
SmeezyOn The Beat,200,153,2,5,0,0,0,260,1,2024,6,3,2025,10,26,181
Smiley,131,44,1,7,0,0,0,1436,1394,2021,7,2,2021,9,29,73
Smino,197,197,1,1,0,0,0,1002,1002,2022,10,6,2022,10,6,197
Sminofu,199,7,10,34,0,0,0,232,1,2024,1,1,2025,12,30,185
Smokepurpp,189,122,2,9,0,0,0,2661,2486,2018,3,5,2018,9,30,189
Sneziey,198,97,1,23,0,0,0,169,8,2025,1,3,2025,6,30,133
Snoh Aalegra,199,79,6,4,0,0,0,2143,1450,2019,7,15,2021,8,23,169
Snotkop,200,146,3,10,0,0,0,2500,2010,2018,1,2,2020,12,30,197
Soa Mattrix,200,1,7,110,0,0,0,1758,428,2020,1,1,2024,12,31,146
Soa mattrix,115,1,1,32,0,0,0,988,771,2022,1,1,2023,12,30,115
Social House,189,74,1,8,0,0,0,2500,2451,2018,8,4,2018,10,30,146
Sofa Reyes,192,146,2,4,0,0,0,2633,2290,2018,3,19,2019,4,28,146
Sofi Tukker,198,94,1,11,0,0,0,1954,1884,2020,2,2,2020,5,30,132
Sofia Carson,176,112,1,2,0,0,0,1058,1051,2022,8,11,2022,8,18,176
Solange,196,53,7,1,0,0,0,2311,2311,2019,3,7,2019,3,7,53
Solly Moholo,199,28,2,22,0,0,0,421,246,2024,5,1,2024,10,31,177
Sonder,200,130,2,34,0,0,0,1541,113,2021,1,1,2025,11,30,154
Sonwabile,165,48,1,2,0,0,0,379,372,2024,6,20,2024,6,27,48
Sophie Ellis-Bextor,191,136,1,3,0,0,0,526,512,2024,1,1,2024,2,25,136
Soulful G,41,39,1,2,0,0,0,386,379,2024,6,13,2024,6,20,41
Southside,195,143,1,2,0,0,0,1163,1156,2022,4,5,2022,5,28,143
Soweto's Finest,195,165,1,3,0,0,0,1954,1926,2020,2,19,2020,3,27,195
Spirit Of Praise,200,23,6,123,0,0,0,855,1,2023,1,1,2025,12,31,124
Spoegwolf,200,124,8,2,0,0,0,2325,1961,2019,2,20,2020,2,21,157
SpotemGottem,195,109,1,6,0,0,0,1576,1534,2021,3,1,2021,4,25,109
Stakev,101,101,1,1,0,0,0,645,645,2023,9,28,2023,9,28,101
StarBoi3,169,51,1,13,0,0,0,1520,1436,2021,5,1,2021,7,29,84
Starley,200,86,1,19,0,0,0,2661,2409,2018,3,1,2018,11,31,167
StaySolidRocky,200,8,2,40,0,0,0,1877,1604,2020,1,1,2021,12,31,61
Stephen Sanchez,198,101,2,10,0,0,0,995,827,2022,1,2,2023,10,30,192
Steve Aoki,178,88,2,7,0,0,0,2486,2402,2018,9,1,2018,12,29,178
Steve Hofmeyr,192,192,1,1,0,0,0,1744,1744,2020,9,24,2020,9,24,192
Steve Lacy,196,18,5,40,0,0,0,1415,834,2021,1,1,2023,12,29,196
Stevie Wonder,134,134,1,1,0,0,0,2381,2381,2018,12,27,2018,12,27,134
Stillaround,178,27,8,4,0,0,0,2248,2171,2019,5,9,2019,7,25,93
Stixx,196,55,2,27,0,0,0,274,92,2024,1,2,2025,12,31,124
Stormzy,191,22,2,26,0,0,0,2255,1905,2019,1,2,2020,12,30,166
Stray Kids,150,150,1,1,0,1,0,1198,1198,2022,3,24,2022,3,24,150
Stromae,108,108,1,1,0,0,0,211,211,2024,12,5,2024,12,5,108
Sueco,136,136,1,1,0,0,0,1408,1408,2021,8,26,2021,8,26,136
Summer Walker,200,12,46,249,0,0,0,2311,162,2019,1,1,2025,12,31,43
Sun-El Musician,197,27,9,126,0,0,0,2654,246,2018,1,1,2024,12,31,116
Sund,185,93,1,11,0,0,0,904,834,2023,1,2,2023,3,26,180
Superstar Pride,179,42,1,13,0,0,0,862,778,2023,2,2,2023,5,30,64
Surf Curse,200,132,1,10,0,0,0,1457,1380,2021,7,2,2021,9,29,164
Surf Mesa,200,36,1,39,0,0,0,1905,1618,2020,1,1,2021,12,31,107
Surfaces,197,17,1,46,0,0,0,1989,1632,2020,1,1,2021,12,31,179
Sushi.b,195,109,1,13,0,0,0,680,547,2023,1,2,2024,12,30,160
Swae Lee,183,74,4,6,0,0,0,2143,1835,2019,3,5,2020,9,29,145
Swayvee,152,97,1,2,0,0,0,8,1,2025,6,3,2025,7,26,97
Swedish House Mafia,197,15,1,40,0,0,0,1345,1023,2021,1,2,2022,12,31,15
Sykes,161,28,2,12,0,0,0,729,638,2023,7,3,2023,10,31,28
Synth Peter,194,132,1,6,0,0,0,1772,1737,2020,8,1,2020,10,27,163
TAEYANG,158,158,1,1,0,0,0,897,897,2023,1,19,2023,1,19,158
TALK,200,14,1,10,0,0,0,1051,988,2022,8,1,2022,10,29,200
TBO,95,95,1,1,0,0,0,848,848,2023,3,9,2023,3,9,95
TDK Macassette,199,199,1,1,0,0,0,1345,1345,2021,10,28,2021,10,28,199
TEEKS,135,38,1,6,0,0,0,1436,1401,2021,7,2,2021,9,29,40
THANDAZANI,198,114,1,4,0,0,0,330,267,2024,8,5,2024,10,15,114
THE ANXIETY,200,38,1,27,0,0,0,1387,1205,2021,1,2,2022,12,30,112
THE SCOTTS,190,1,1,41,0,0,0,1891,1611,2020,1,1,2021,12,31,1
TLC,199,172,1,10,1,0,0,421,281,2024,5,4,2024,9,27,189
TNK,191,145,1,5,0,0,0,757,729,2023,6,6,2023,7,29,179
TNK MusiQ,200,3,3,38,0,0,0,764,1,2023,1,1,2025,12,31,166
TNS,182,70,1,11,0,0,0,2066,1996,2019,1,2,2020,12,28,176
TOKYOS REVENGE,185,180,1,2,0,0,0,1982,1975,2020,1,6,2020,2,30,185
TOOL,196,196,1,1,0,0,0,2129,2129,2019,9,5,2019,9,5,196
TOSS,184,13,3,17,0,0,0,960,785,2022,1,1,2023,12,29,38
TOTO,200,81,1,127,0,0,0,2661,610,2018,1,1,2023,12,31,107
Tai Verdes,200,162,1,8,0,0,0,1408,1352,2021,8,2,2021,10,30,162
Takeoff,188,97,3,3,0,0,0,2437,2423,2018,11,1,2018,11,15,124
Tamia,199,63,2,106,0,0,0,876,1,2023,1,1,2025,12,31,152
Tate McRae,197,14,11,163,0,0,0,1814,1,2020,1,1,2025,12,31,144
Taylor Swift,200,3,108,211,0,0,0,2661,351,2018,1,1,2024,12,31,51
Tebza De DJ,197,5,2,29,0,0,0,708,512,2023,1,1,2024,12,31,165
Teddy Swims,198,24,3,78,0,0,0,540,1,2024,1,1,2025,12,31,152
Tee Jay,184,29,3,19,0,0,0,1422,820,2021,3,2,2023,12,30,121
Tekno,106,106,1,1,0,0,0,2171,2171,2019,7,25,2019,7,25,106
Tellaman,200,75,1,24,0,0,0,2262,2087,2019,4,1,2019,10,30,200
Temple Boys Cpt,191,18,2,19,0,0,0,1009,883,2022,1,1,2023,12,29,31
Tems,200,22,6,130,0,0,0,1380,71,2021,1,1,2025,12,31,111
Tevin Campbell,199,97,2,78,0,0,0,1240,64,2022,1,1,2025,12,31,175
Teyana Taylor,200,170,2,2,0,0,0,2563,1835,2018,6,25,2020,6,28,200
ThackzinDJ,147,16,1,24,0,0,0,1415,1254,2021,1,2,2022,12,30,147
Thak'so Ujey Choir,200,75,1,23,0,0,0,351,71,2024,1,1,2025,9,30,105
Thandeka Radebe,176,85,1,6,0,0,0,260,225,2024,10,7,2024,11,31,169
The 1975,198,163,2,2,0,1,0,2584,2507,2018,6,7,2018,8,23,163
The Carters,196,31,2,12,0,0,0,2563,2479,2018,6,2,2018,9,30,54
The Chainsmokers,200,11,20,178,0,0,0,2668,155,2018,1,1,2025,12,31,76
The Game,151,15,1,9,0,0,0,1261,1205,2022,1,3,2022,3,27,15
The Goo Goo Dolls,189,154,1,2,0,0,0,2262,92,2019,4,3,2025,4,25,189
The Jackson 5,157,125,2,3,0,1,0,2381,1282,2018,12,26,2021,12,30,127
The Kid LAROI,199,1,13,161,0,0,0,1842,253,2020,1,1,2024,12,31,71
The Killers,197,152,1,22,0,0,0,2640,2346,2018,1,1,2019,12,31,162
The Lowkeys,198,130,2,3,0,0,0,1653,694,2020,8,10,2023,12,31,190
The Lumineers,197,191,1,2,0,0,0,2486,2031,2018,9,12,2019,12,13,191
The Neighbourhood,200,57,2,175,0,0,0,1667,155,2020,1,1,2025,12,31,170
The Pogues,187,187,1,1,0,0,0,2381,2381,2018,12,27,2018,12,27,187
The Police,198,140,1,29,0,0,0,2661,1275,2018,1,2,2022,12,30,176
The Ronettes,177,47,1,8,1,0,0,2381,190,2018,12,24,2024,12,31,48
The Soil,169,84,1,2,0,0,0,624,617,2023,10,19,2023,10,26,84
The Walters,200,179,1,2,0,0,0,1254,1247,2022,1,3,2022,2,27,179
The Weeknd,200,1,64,319,0,0,0,2668,1,2018,1,1,2025,12,31,15
The White Stripes,199,69,1,30,0,0,0,2668,2451,2018,3,2,2018,10,31,69
Theuns Jordaan,157,157,1,1,0,0,0,1317,1317,2021,11,25,2021,11,25,157
Thuto The Human,128,36,1,5,0,0,0,659,631,2023,9,5,2023,10,28,36
ThxSoMch,196,127,1,12,0,0,0,967,862,2022,1,1,2023,12,26,168
TiMO ODV,184,62,3,8,0,0,0,2640,2178,2018,4,3,2019,9,26,144
Tinashe,182,144,1,5,0,0,0,386,358,2024,6,4,2024,7,27,182
Tion Wayne,184,7,1,17,0,0,0,1520,1408,2021,5,1,2021,8,29,49
Tisto,199,2,6,197,0,0,0,2598,799,2018,1,1,2023,12,31,85
TitoM,188,1,4,33,0,0,0,491,183,2024,1,1,2025,12,30,2
Tiwa Savage,120,120,1,1,0,0,0,2171,2171,2019,7,25,2019,7,25,120
Toby Franco,114,114,1,1,0,0,0,694,694,2023,8,10,2023,8,10,114
Tobzela,194,194,1,1,0,0,0,43,43,2025,5,22,2025,5,22,194
Tom Odell,198,45,1,130,0,0,0,1198,22,2022,1,1,2025,12,31,137
Tom Walker,199,97,1,9,0,0,0,2311,2255,2019,3,2,2019,5,28,199
Tommy Richman,183,2,3,38,0,0,0,428,141,2024,1,1,2025,12,31,52
Tones And I,196,1,3,133,0,0,0,2157,1233,2019,1,1,2022,12,31,126
Tony Bennett,160,79,1,2,0,0,0,2381,2017,2018,12,26,2019,12,27,79
Tony Dayimane,200,81,5,9,0,0,0,442,78,2024,4,2,2025,11,31,166
Toosii,188,54,1,19,0,0,0,841,715,2023,3,1,2023,7,30,138
Topic,195,9,1,76,0,0,0,1912,1373,2020,1,1,2021,12,31,160
Toploader,188,188,1,1,0,0,0,2633,2633,2018,4,19,2018,4,19,188
Tory Lanez,200,66,13,49,0,0,0,2437,575,2018,1,1,2023,12,31,197
Train,199,155,1,17,0,0,0,2262,2003,2019,1,1,2020,9,30,197
Travis Scott,200,1,47,283,0,0,0,2661,92,2018,1,1,2025,12,31,97
Trevor Daniel,199,5,2,75,0,0,0,2052,1527,2019,1,1,2021,12,31,113
Tribby wadi bhozza,193,76,2,8,0,0,0,99,1,2025,3,1,2025,7,27,181
Trinidad Cardona,176,121,1,4,0,0,0,1471,1450,2021,6,1,2021,7,24,121
Trippie Redd,190,22,9,28,0,0,0,2514,1366,2018,5,1,2021,11,30,66
Troye Sivan,194,54,2,11,0,0,0,2612,2493,2018,5,2,2018,9,31,91
Tshego,161,62,1,2,0,0,0,2164,2157,2019,8,1,2019,8,8,62
Tskay,179,51,1,11,0,0,0,624,540,2023,1,2,2024,12,30,51
TuksinSA,147,28,1,11,0,0,0,1345,1275,2021,1,2,2022,12,30,82
Tumisho,177,34,1,11,0,0,0,1415,1345,2021,8,2,2021,10,30,63
Twenty One Pilots,200,46,14,30,0,0,0,2542,1541,2018,3,1,2021,11,30,46
TxC,195,9,2,36,0,0,0,561,281,2023,1,1,2024,12,30,195
Ty Dolla $ign,193,38,6,26,0,0,0,2647,1583,2018,1,3,2021,12,30,107
Tycoon,199,20,1,16,0,0,0,253,148,2024,1,2,2025,12,31,27
Tyga,199,6,10,88,0,0,0,2598,1044,2018,1,1,2022,12,31,184
Tyla,199,4,17,113,0,0,0,1597,1,2021,1,1,2025,12,31,160
Tyla Yaweh,169,78,1,3,0,0,0,1842,1828,2020,6,2,2020,7,25,78
Tyler,200,4,39,72,0,0,0,2647,134,2018,1,1,2025,12,31,121
Tyler ICU,200,1,13,147,0,0,0,1744,148,2020,1,1,2025,12,31,103
U2,159,159,1,1,0,0,0,1646,1646,2020,12,31,2020,12,31,159
UNLIMITED SOUL,196,45,3,31,0,0,0,1422,1,2021,1,2,2025,12,31,153
UNjoko,200,32,2,12,0,0,0,92,1,2025,4,1,2025,7,29,187
USHER,198,106,2,27,0,0,0,505,267,2024,2,1,2024,10,29,115
Ugatsheni,162,9,1,53,0,0,0,547,183,2024,1,1,2025,12,31,154
Umafikizolo,185,3,5,56,0,0,0,386,1,2024,1,1,2025,12,31,23
Umdumazi,83,29,1,3,0,0,0,15,1,2025,6,3,2025,7,26,83
Umlabalaba,185,79,2,32,0,0,0,463,239,2024,3,1,2024,11,31,114
Umlazi Gospel Choir,163,48,2,11,0,0,0,71,1,2025,4,1,2025,7,29,48
Uncle Vinny,188,188,1,1,0,0,0,890,890,2023,1,26,2023,1,26,188
Uncle Waffles,200,1,9,153,0,0,0,1198,1,2022,1,1,2025,12,31,15
Usimamane,197,1,14,63,0,0,0,463,1,2024,1,1,2025,12,31,134
V,173,173,1,1,0,1,0,687,687,2023,8,17,2023,8,17,173
Vance Joy,200,72,1,68,0,0,0,2633,197,2018,1,1,2024,12,31,200
Vedo,189,75,1,12,0,0,0,1751,1674,2020,9,1,2020,12,29,145
Venom,160,2,1,30,0,0,0,1233,1030,2022,2,1,2022,9,31,19
Vetkuk,197,29,3,22,0,0,0,1576,379,2021,3,1,2024,6,30,191
Vhudie,88,88,1,1,0,0,0,1751,1751,2020,9,17,2020,9,17,88
Victony,197,111,3,21,0,0,0,995,764,2022,1,1,2023,12,27,125
Victoria Mont,180,70,1,8,0,0,0,512,463,2024,2,7,2024,3,29,180
Vigiland,197,197,1,1,0,0,0,2563,2563,2018,6,28,2018,6,28,197
Vigro Deep,200,15,13,51,0,0,0,2024,1,2019,1,1,2025,12,31,94
Villosoul,148,35,1,12,0,0,0,1233,1156,2022,2,3,2022,5,31,47
Vusi Nova,154,112,2,4,0,0,0,2451,1814,2018,7,1,2020,11,25,112
Vusinator,199,110,1,9,0,0,0,2087,2010,2019,1,2,2020,12,28,188
WALK THE MOON,194,157,1,11,0,0,0,2556,2003,2018,1,2,2020,8,30,184
WATTS,179,179,1,1,0,0,0,1569,1569,2021,3,18,2021,3,18,179
WILLOW,195,39,2,27,0,0,0,1485,1072,2021,3,1,2022,7,31,188
WOODBLOCK DJS,145,3,2,27,0,0,0,281,50,2024,1,1,2025,12,30,125
Wale,198,97,4,21,0,0,0,2479,22,2018,2,1,2025,11,31,180
Wallows,185,185,1,1,0,0,0,1786,1786,2020,8,13,2020,8,13,185
Wanitwa Mos,200,1,9,150,0,0,0,1289,99,2021,1,1,2025,12,31,102
Wendy Shay,200,184,1,5,0,0,0,1065,1016,2022,8,4,2022,9,22,192
Wham!,196,5,2,24,0,0,0,2402,190,2018,12,6,2024,12,31,145
Whitney Houston,200,126,1,10,0,0,0,2654,911,2018,1,3,2023,12,31,200
WhoHeem,193,165,1,3,0,0,0,1751,1737,2020,9,1,2020,10,24,193
Why Don't We,200,79,5,30,0,0,0,2500,1905,2018,2,2,2020,11,31,104
Will Linley,178,25,2,23,0,0,0,1324,890,2021,1,2,2023,12,31,25
William Last KRM,120,120,1,1,0,0,0,1233,1233,2022,2,17,2022,2,17,120
Wiz Khalifa,193,86,2,9,0,0,0,2542,2472,2018,7,2,2018,9,30,183
WizKid,199,51,6,42,0,0,0,1702,1247,2020,1,1,2022,12,31,165
WizTheMc,188,39,2,13,0,0,0,106,22,2025,3,1,2025,6,29,91
Wizkid,190,138,2,1,0,0,0,960,960,2022,11,17,2022,11,17,190
XXXTENTACION,200,1,34,245,0,0,0,2668,939,2018,1,1,2022,12,31,11
XamaCcombo Wa Mhana Vafana,160,141,1,2,0,0,0,78,71,2025,4,17,2025,4,24,141
Xduppy,141,45,3,29,0,0,0,617,260,2023,1,1,2024,12,29,92
Xolly Mncwango,199,30,3,71,0,0,0,491,1,2024,1,1,2025,12,31,99
Y2K,184,15,1,53,0,0,0,2199,1835,2019,1,1,2020,12,31,82
YANII,194,21,1,21,0,0,0,582,442,2023,1,1,2024,12,30,31
YBN Nahmir,187,187,1,1,0,0,0,2654,2654,2018,3,29,2018,3,29,187
YG,197,35,3,29,0,0,0,2549,2129,2018,5,1,2019,10,30,197
YG Marley,191,31,1,13,0,0,0,519,435,2024,2,1,2024,4,29,87
YNW Melly,194,34,6,62,0,0,0,2325,722,2019,1,2,2023,12,31,175
YUNGBLUD,190,42,1,8,0,0,0,2325,2276,2019,2,4,2019,4,28,42
Yallunder,185,42,1,3,0,0,0,106,92,2025,3,3,2025,4,27,42
Yanga Chief,172,2,3,15,0,0,0,2080,43,2019,2,1,2025,10,27,104
Years & Years,200,54,1,17,0,0,0,2591,2479,2018,5,2,2018,9,31,156
Yeat,178,41,7,23,0,0,0,1198,421,2022,1,2,2024,10,31,157
Young Nudy,189,163,1,8,0,0,0,736,687,2023,6,3,2023,8,29,189
Young Stoner Life,193,13,7,19,0,0,0,1534,1408,2021,4,1,2021,8,29,24
Young Stunna,199,1,10,85,0,0,0,1352,512,2021,1,1,2024,12,31,186
Young T & Bugsey,184,113,1,7,0,0,0,1912,1870,2020,4,7,2020,5,30,184
Young Thug,200,4,30,75,0,0,0,2507,680,2018,1,1,2023,12,31,168
Yumbs,200,93,2,7,0,0,0,834,1,2023,3,3,2025,7,30,98
Yung Filly,162,162,1,1,0,0,0,512,512,2024,2,8,2024,2,8,162
Yung Lean,154,69,1,5,0,0,0,1247,1219,2022,2,3,2022,3,24,69
ZAYN,199,25,9,34,0,0,0,2661,1618,2018,1,1,2021,11,31,110
Zac Efron,197,197,1,1,0,0,0,2353,2353,2019,1,24,2019,1,24,197
Zahara,200,69,6,4,0,0,0,1415,554,2021,8,14,2023,12,28,175
Zain SA,197,70,1,23,0,0,0,1674,1478,2020,1,1,2021,12,31,176
Zakes Bantwini,194,5,1,36,0,0,0,1387,1142,2021,1,2,2022,12,31,5
Zakwe,149,149,1,1,0,0,0,736,736,2023,6,29,2023,6,29,149
Zan'Ten,96,96,1,1,0,0,0,708,708,2023,7,27,2023,7,27,96
Zandimaz,196,43,2,26,0,0,0,1674,1485,2020,1,1,2021,12,31,182
Zara Larsson,200,29,3,39,0,0,0,2451,2087,2018,1,1,2019,12,31,200
Zedd,200,8,5,132,0,0,0,2668,1639,2018,1,1,2021,12,31,8
Zee Nxumalo,199,2,2,65,0,0,0,456,1,2024,1,1,2025,12,31,23
Zero12Finest,192,96,1,25,0,0,0,2227,2010,2019,1,1,2020,12,30,127
Zoli White Smoke,192,114,2,14,0,0,0,260,141,2024,1,2,2025,12,31,183
Zonke,184,95,1,6,0,0,0,876,722,2023,2,8,2023,7,29,184
Zoocci Coke Dope,193,74,3,1,0,0,0,1219,1219,2022,3,3,2022,3,3,193
Zuko SA,153,145,1,3,0,0,0,1226,1212,2022,2,3,2022,3,24,145
Zwide,192,11,1,37,0,0,0,491,239,2024,2,1,2024,11,31,64
a-ha,200,122,1,23,0,0,0,2654,1548,2018,1,2,2021,12,31,162
ajof.,1,1,1,1,0,0,0,897,897,2023,1,19,2023,1,19,1
benny blanco,199,2,10,155,0,0,0,2542,449,2018,1,1,2024,12,31,27
blackbear,192,11,2,82,0,0,0,2136,1569,2019,1,1,2021,12,31,154
charlieonnafriday,177,177,1,1,0,0,0,988,988,2022,10,20,2022,10,20,177
d4vd,198,56,2,29,0,0,0,1023,827,2022,1,1,2023,12,30,137
dvsn,185,80,9,2,0,0,0,1926,1898,2020,3,23,2020,4,26,185
evvz,199,66,1,20,0,0,0,1352,1219,2021,1,2,2022,12,30,147
grandson,200,200,1,1,0,0,0,1625,1625,2021,1,21,2021,1,21,200
j-hope,163,59,3,5,0,0,0,1093,834,2022,3,7,2023,7,23,95
kwn,194,194,1,1,0,0,0,127,127,2025,2,27,2025,2,27,194
lil Shordie Scott,157,73,1,7,0,0,0,1212,1170,2022,3,7,2022,4,31,113
mgk,128,128,1,1,0,0,0,2458,2458,2018,10,11,2018,10,11,128
pewdiepie,191,191,1,1,0,0,0,2395,2395,2018,12,13,2018,12,13,191
rum.gold,200,152,1,10,0,0,0,1114,113,2022,3,4,2025,9,28,165
salem ilese,186,53,1,12,0,0,0,1758,1681,2020,9,1,2020,11,29,107
sombr,199,87,2,9,0,0,0,57,1,2025,5,3,2025,7,29,178
the King will come,192,153,1,2,0,0,0,715,708,2023,7,20,2023,7,27,192
twocolors,197,196,1,2,0,0,0,1632,1625,2021,1,14,2021,1,21,196
uLazi,197,15,2,33,0,0,0,1072,547,2022,1,1,2024,12,31,197
